paper_reference,paper_year,power_watts,time_minutes,temperature_celsius,antenna_type_raw,antenna_category,data_source,length_mm,width_mm,diameter_mm,depth_mm,volume_mm3,aspect_ratio,energy_joules,power_time_product,log_power,log_time,log_energy,sqrt_time,effective_diameter_mm,estimated_volume_mm3,sphericity_index,has_temperature,is_simulated
Dual-slot antennas for microwave tissue heating: Parametric design analysis and experimental validat,2011.0,50.0,2.0,,Dual slot antenna,Dual Slot,Experimental,29.6,,19.1,,,0.711,6000.0,100.0,3.9318256327243257,1.0986122886681098,8.699681400989514,1.4142135623730951,19.1,5654.016452050057,0.6452702702702703,0,0
Dual-slot antennas for microwave tissue heating: Parametric design analysis and experimental validat,2011.0,50.0,5.0,,Dual slot antenna,Dual Slot,Experimental,37.6,,25.7,,,0.683,15000.0,250.0,3.9318256327243257,1.791759469228055,9.61587214452889,2.23606797749979,25.7,13003.273999089006,0.6835106382978723,0,0
Dual-slot antennas for microwave tissue heating: Parametric design analysis and experimental validat,2011.0,50.0,10.0,,Dual slot antenna,Dual Slot,Experimental,49.2,,34.7,,,0.706,30000.0,500.0,3.9318256327243257,2.3978952727983707,10.308985993422082,3.1622776601683795,34.7,31018.634445739663,0.7052845528455285,0,0
A Minimally Invasive Antenna for Microwave Ablation Therapies:,2011.0,20.0,3.0,,Other,Other,Experimental,30.0,,19.0,,,,3600.0,60.0,3.044522437723423,1.3862943611198906,8.188966863648876,1.7320508075688772,19.0,5670.574739729576,0.6333333333333333,0,0
A Minimally Invasive Antenna for Microwave Ablation Therapies:,2011.0,20.0,5.0,,Other,Other,Experimental,34.0,,22.0,,,,6000.0,100.0,3.044522437723423,1.791759469228055,8.699681400989514,2.23606797749979,22.0,8616.341451245606,0.6470588235294118,0,0
A Minimally Invasive Antenna for Microwave Ablation Therapies:,2011.0,20.0,10.0,,Other,Other,Experimental,35.0,,28.0,,,,12000.0,200.0,3.044522437723423,2.3978952727983707,9.392745258631441,3.1622776601683795,28.0,14367.550402417319,0.8,0,0
A Minimally Invasive Antenna for Microwave Ablation Therapies:,2011.0,20.0,15.0,,Other,Other,Experimental,38.0,,31.0,,,,18000.0,300.0,3.044522437723423,2.772588722239781,9.798182590890704,3.872983346207417,31.0,19120.780087298677,0.8157894736842105,0,0
A Minimally Invasive Antenna for Microwave Ablation Therapies:,2011.0,40.0,3.0,,Other,Other,Experimental,36.0,,24.0,,,,7200.0,120.0,3.713572066704308,1.3862943611198906,8.881975184248867,1.7320508075688772,24.0,10857.344210806325,0.6666666666666666,0,0
A Minimally Invasive Antenna for Microwave Ablation Therapies:,2011.0,40.0,5.0,,Other,Other,Experimental,42.0,,30.0,,,,12000.0,200.0,3.713572066704308,1.791759469228055,9.392745258631441,2.23606797749979,30.0,19792.033717615697,0.7142857142857143,0,0
A Minimally Invasive Antenna for Microwave Ablation Therapies:,2011.0,40.0,10.0,,Other,Other,Experimental,53.0,,38.0,,,,24000.0,400.0,3.713572066704308,2.3978952727983707,10.085850775128717,3.1622776601683795,38.0,40072.061494089,0.7169811320754716,0,0
A Minimally Invasive Antenna for Microwave Ablation Therapies:,2011.0,40.0,15.0,,Other,Other,Experimental,57.0,,40.0,,,,36000.0,600.0,3.713572066704308,2.772588722239781,10.491301994830229,3.872983346207417,40.0,47752.20833456485,0.7017543859649122,0,0
A Minimally Invasive Antenna for Microwave Ablation Therapies:,2011.0,60.0,3.0,,Other,Other,Experimental,45.0,,26.0,,,,10800.0,180.0,4.110873864173311,1.3862943611198906,9.287394001418473,1.7320508075688772,26.0,15927.87475370025,0.5777777777777777,0,0
A Minimally Invasive Antenna for Microwave Ablation Therapies:,2011.0,60.0,5.0,,Other,Other,Experimental,47.0,,36.0,,,,18000.0,300.0,4.110873864173311,1.791759469228055,9.798182590890704,2.23606797749979,36.0,31893.448619243576,0.7659574468085106,0,0
A Minimally Invasive Antenna for Microwave Ablation Therapies:,2011.0,60.0,10.0,,Other,Other,Experimental,65.0,,45.0,,,,36000.0,600.0,4.110873864173311,2.3978952727983707,10.491301994830229,3.1622776601683795,45.0,68918.6888381261,0.6923076923076923,0,0
A Minimally Invasive Antenna for Microwave Ablation Therapies:,2011.0,60.0,15.0,,Other,Other,Experimental,70.0,,52.0,,,,54000.0,900.0,4.110873864173311,2.772588722239781,10.896757843893464,3.872983346207417,52.0,99106.77624524599,0.7428571428571429,0,0
Intraoperative Triple Antenna Hepatic Microwave Ablation - 2012,2012.0,45.0,10.0,,Triple Antenna,Multi Slot/Triple,Experimental,,,55.0,,,,27000.0,450.0,3.828641396489095,2.3978952727983707,10.203629181337648,3.1622776601683795,55.0,,,0,0
Microwave ablation versus radiofrequency ablation in the kidney: high-power triaxial antennas create,2012.0,90.0,12.0,,Triaxial,Triaxial,Experimental,,,3.2,,,,64800.0,1080.0,4.51085950651685,2.5649493574615367,11.079076314320059,3.4641016151377544,3.2,,,0,0
A Dual-Slot Microwave Antenna for More Spherical Ablation Zones: Ex Vivo and in Vivo Validation- 201,2013.0,50.0,2.0,,Dual Slot,Dual Slot,Experimental,26.4,,19.5,,,,6000.0,100.0,3.9318256327243257,1.0986122886681098,8.699681400989514,1.4142135623730951,19.5,5256.198668721082,0.7386363636363636,0,0
A Dual-Slot Microwave Antenna for More Spherical Ablation Zones: Ex Vivo and in Vivo Validation- 201,2013.0,50.0,5.0,,Dual Slot,Dual Slot,Experimental,26.1,,21.2,,,,15000.0,250.0,3.9318256327243257,1.791759469228055,9.61587214452889,2.23606797749979,21.2,6142.014699697875,0.8122605363984674,0,0
A Dual-Slot Microwave Antenna for More Spherical Ablation Zones: Ex Vivo and in Vivo Validation- 201,2013.0,50.0,10.0,,Dual Slot,Dual Slot,Experimental,51.4,,30.1,,,,30000.0,500.0,3.9318256327243257,2.3978952727983707,10.308985993422082,3.1622776601683795,30.1,24383.426351342478,0.585603112840467,0,0
A Dual-Slot Microwave Antenna for More Spherical Ablation Zones: Ex Vivo and in Vivo Validation- 201,2013.0,100.0,2.0,,Dual Slot,Dual Slot,Experimental,41.6,,21.4,,,,12000.0,200.0,4.61512051684126,1.0986122886681098,9.392745258631441,1.4142135623730951,21.4,9975.15148335667,0.5144230769230769,0,0
A Dual-Slot Microwave Antenna for More Spherical Ablation Zones: Ex Vivo and in Vivo Validation- 201,2013.0,100.0,5.0,,Dual Slot,Dual Slot,Experimental,48.3,,30.7,,,,30000.0,500.0,4.61512051684126,1.791759469228055,10.308985993422082,2.23606797749979,30.7,23835.40326365884,0.6356107660455487,0,0
A Dual-Slot Microwave Antenna for More Spherical Ablation Zones: Ex Vivo and in Vivo Validation- 201,2013.0,100.0,10.0,,Dual Slot,Dual Slot,Experimental,60.4,,31.2,,,,60000.0,1000.0,4.61512051684126,2.3978952727983707,11.002116507732017,3.1622776601683795,31.2,30785.39632395184,0.5165562913907285,0,0
A Dual-Slot Microwave Antenna for More Spherical Ablation Zones: Ex Vivo and in Vivo Validation- 201,2013.0,100.0,5.0,,Dual Slot,Dual Slot,Experimental,44.7,,28.5,,,,30000.0,500.0,4.61512051684126,1.791759469228055,10.308985993422082,2.23606797749979,28.5,19010.601814943406,0.6375838926174496,0,0
Microwave Ablation at 10.0 GHz Achieves Comparable Ablation Zones to 1.9 GHz in Ex Vivo Bovine Liver,2014.0,42.0,5.0,105.0,Other,Other,Experimental,57.0,35.0,,,,,12600.0,210.0,3.7612001156935624,1.791759469228055,9.441531454869693,2.23606797749979,35.0,36560.28450615121,0.6140350877192983,1,0
Microwave Ablation at 10.0 GHz Achieves Comparable Ablation Zones to 1.9 GHz in Ex Vivo Bovine Liver,2014.0,42.0,5.0,105.0,Other,Other,Experimental,55.0,30.0,,,,,12600.0,210.0,3.7612001156935624,1.791759469228055,9.441531454869693,2.23606797749979,30.0,25918.139392115794,0.5454545454545454,1,0
Microwave Ablation at 10.0 GHz Achieves Comparable Ablation Zones to 1.9 GHz in Ex Vivo Bovine Liver,2014.0,42.0,5.0,105.0,Other,Other,Experimental,50.0,30.0,,,,,12600.0,210.0,3.7612001156935624,1.791759469228055,9.441531454869693,2.23606797749979,30.0,23561.94490192345,0.6,1,0
Microwave Ablation at 10.0 GHz Achieves Comparable Ablation Zones to 1.9 GHz in Ex Vivo Bovine Liver,2014.0,42.0,5.0,105.0,Other,Other,Experimental,51.0,28.0,,,,,12600.0,210.0,3.7612001156935624,1.791759469228055,9.441531454869693,2.23606797749979,28.0,20935.57344352238,0.5490196078431373,1,0
Microwave Ablation at 10.0 GHz Achieves Comparable Ablation Zones to 1.9 GHz in Ex Vivo Bovine Liver,2014.0,42.0,10.0,112.0,Other,Other,Experimental,73.0,38.0,,,,,25200.0,420.0,3.7612001156935624,2.3978952727983707,10.134638955251866,3.1622776601683795,38.0,55193.59413336787,0.5205479452054794,1,0
Microwave Ablation at 10.0 GHz Achieves Comparable Ablation Zones to 1.9 GHz in Ex Vivo Bovine Liver,2014.0,42.0,10.0,112.0,Other,Other,Experimental,65.0,35.0,,,,,25200.0,420.0,3.7612001156935624,2.3978952727983707,10.134638955251866,3.1622776601683795,35.0,41691.552507014545,0.5384615384615384,1,0
Microwave Ablation at 10.0 GHz Achieves Comparable Ablation Zones to 1.9 GHz in Ex Vivo Bovine Liver,2021.0,42.0,10.0,112.0,Other,Other,Experimental,70.0,37.0,,,,,25200.0,420.0,3.7612001156935624,2.3978952727983707,10.134638955251866,3.1622776601683795,37.0,50176.47066558497,0.5285714285714286,1,0
Microwave Ablation at 10.0 GHz Achieves Comparable Ablation Zones to 1.9 GHz in Ex Vivo Bovine Liver,2014.0,42.0,10.0,112.0,Other,Other,Experimental,67.0,35.0,,,,,25200.0,420.0,3.7612001156935624,2.3978952727983707,10.134638955251866,3.1622776601683795,35.0,42974.369507230374,0.5223880597014925,1,0
Optimization of dual slot antenna using floating metallic sleeve,2014.0,20.0,3.0,,Dual Slot,Dual Slot,Experimental,22.6,18.4,,,,,3600.0,60.0,3.044522437723423,1.3862943611198906,8.188966863648876,1.7320508075688772,18.4,4006.2929931442563,0.8141592920353982,0,0
Optimization of dual slot antenna using floating metallic sleeve,2014.0,20.0,5.0,,Dual Slot,Dual Slot,Experimental,32.2,27.7,,,,,6000.0,100.0,3.044522437723423,1.791759469228055,8.699681400989514,2.23606797749979,27.7,12936.417765827962,0.8602484472049688,0,0
Optimization of dual slot antenna using floating metallic sleeve,2014.0,20.0,10.0,,Dual Slot,Dual Slot,Experimental,41.7,33.7,,,,,12000.0,200.0,3.044522437723423,2.3978952727983707,9.392745258631441,3.1622776601683795,33.7,24796.733757249982,0.8081534772182254,0,0
Optimization of dual slot antenna using floating metallic sleeve,2014.0,30.0,3.0,,Dual Slot,Dual Slot,Experimental,32.1,25.4,,,,,5400.0,90.0,3.4339872044851463,1.3862943611198906,8.594339400592892,1.7320508075688772,25.4,10843.54005268645,0.7912772585669781,0,0
Optimization of dual slot antenna using floating metallic sleeve,2014.0,30.0,5.0,,Dual Slot,Dual Slot,Experimental,39.3,31.5,,,,,9000.0,150.0,3.4339872044851463,1.791759469228055,9.105090961257085,2.23606797749979,31.5,20417.95678393529,0.8015267175572519,0,0
Optimization of dual slot antenna using floating metallic sleeve,2014.0,30.0,10.0,,Dual Slot,Dual Slot,Experimental,44.7,36.1,,,,,18000.0,300.0,3.4339872044851463,2.3978952727983707,9.798182590890704,3.1622776601683795,36.1,30501.45446753142,0.8076062639821029,0,0
Optimization of dual slot antenna using floating metallic sleeve,2014.0,40.0,3.0,,Dual Slot,Dual Slot,Experimental,38.5,32.1,,,,,7200.0,120.0,3.713572066704308,1.3862943611198906,8.881975184248867,1.7320508075688772,32.1,20771.57445302336,0.8337662337662338,0,0
Optimization of dual slot antenna using floating metallic sleeve,2014.0,40.0,5.0,,Dual Slot,Dual Slot,Experimental,44.2,,,,,,12000.0,200.0,3.713572066704308,1.791759469228055,9.392745258631441,2.23606797749979,,,,0,0
Optimization of dual slot antenna using floating metallic sleeve,2014.0,40.0,10.0,,Dual Slot,Dual Slot,Experimental,55.9,44.7,,,,,24000.0,400.0,3.713572066704308,2.3978952727983707,10.085850775128717,3.1622776601683795,44.7,58482.438994217955,0.7996422182468694,0,0
Optimization of dual slot antenna using floating metallic sleeve,2014.0,50.0,3.0,,Dual Slot,Dual Slot,Experimental,37.3,28.5,,,,,9000.0,150.0,3.9318256327243257,1.3862943611198906,9.105090961257085,1.7320508075688772,28.5,15863.432834393489,0.7640750670241288,0,0
Optimization of dual slot antenna using floating metallic sleeve,2014.0,50.0,5.0,,Dual Slot,Dual Slot,Experimental,44.3,34.4,,,,,15000.0,250.0,3.9318256327243257,1.791759469228055,9.61587214452889,2.23606797749979,34.4,27448.539026175724,0.7765237020316027,0,0
Optimization of dual slot antenna using floating metallic sleeve,2014.0,50.0,10.0,,Dual Slot,Dual Slot,Experimental,57.6,45.6,,,,,30000.0,500.0,3.9318256327243257,2.3978952727983707,10.308985993422082,3.1622776601683795,45.6,62712.020161617336,0.7916666666666666,0,0
Optimization of dual slot antenna using floating metallic sleeve,2014.0,60.0,2.0,,Dual Slot,Dual Slot,Experimental,36.0,25.3,,,,,7200.0,120.0,4.110873864173311,1.0986122886681098,8.881975184248867,1.4142135623730951,25.3,12065.412249817744,0.7027777777777778,0,0
Optimization of dual slot antenna using floating metallic sleeve,2014.0,60.0,3.0,,Dual Slot,Dual Slot,Experimental,40.3,29.6,,,,,10800.0,180.0,4.110873864173311,1.3862943611198906,9.287394001418473,1.7320508075688772,29.6,18487.879020096683,0.7344913151364765,0,0
Optimization of dual slot antenna using floating metallic sleeve,2014.0,60.0,5.0,,Dual Slot,Dual Slot,Experimental,50.1,35.8,,,,,18000.0,300.0,4.110873864173311,1.791759469228055,9.798182590890704,2.23606797749979,35.8,33620.36325136596,0.714570858283433,0,0
Optimization of dual slot antenna using floating metallic sleeve,2014.0,80.0,2.0,,Dual Slot,Dual Slot,Experimental,44.4,29.0,,,,,9600.0,160.0,4.394449154672439,1.0986122886681098,9.169622538697624,1.4142135623730951,29.0,19551.387720350715,0.6531531531531531,0,0
Optimization of dual slot antenna using floating metallic sleeve,2014.0,80.0,3.0,,Dual Slot,Dual Slot,Experimental,48.9,34.0,,,,,14400.0,240.0,4.394449154672439,1.3862943611198906,9.575052927597383,1.7320508075688772,34.0,29598.201026530875,0.6952965235173825,0,0
Optimization of dual slot antenna using floating metallic sleeve,2014.0,80.0,5.0,,Dual Slot,Dual Slot,Experimental,48.5,33.7,,,,,24000.0,400.0,4.394449154672439,1.791759469228055,10.085850775128717,2.23606797749979,33.7,28840.325832772756,0.6948453608247424,0,0
Optimization of dual slot antenna using floating metallic sleeve,2014.0,100.0,2.0,,Dual Slot,Dual Slot,Experimental,48.5,33.7,,,,,12000.0,200.0,4.61512051684126,1.0986122886681098,9.392745258631441,1.4142135623730951,33.7,28840.325832772756,0.6948453608247424,0,0
Optimization of dual slot antenna using floating metallic sleeve,2014.0,100.0,3.0,,Dual Slot,Dual Slot,Experimental,58.2,39.3,,,,,18000.0,300.0,4.61512051684126,1.3862943611198906,9.798182590890704,1.7320508075688772,39.3,47065.93684416611,0.6752577319587628,0,0
Optimization of dual slot antenna using floating metallic sleeve,2014.0,100.0,5.0,,Dual Slot,Dual Slot,Experimental,62.8,42.0,,,,,30000.0,500.0,4.61512051684126,1.791759469228055,10.308985993422082,2.23606797749979,42.0,58003.853481759055,0.6687898089171975,0,0
Optimization of dual slot antenna using floating metallic sleeve,2014.0,120.0,2.0,,Dual Slot,Dual Slot,Experimental,54.3,34.7,,,,,14400.0,240.0,4.795790545596741,1.0986122886681098,9.575052927597383,1.4142135623730951,34.7,34233.980699261454,0.6390423572744015,0,0
Optimization of dual slot antenna using floating metallic sleeve,2014.0,120.0,3.0,,Dual Slot,Dual Slot,Experimental,64.7,43.6,,,,,21600.0,360.0,4.795790545596741,1.3862943611198906,9.980494888896912,1.7320508075688772,43.6,64398.51925144884,0.6738794435857806,0,0
Optimization of dual slot antenna using floating metallic sleeve,2014.0,120.0,5.0,107.6,Dual Slot,Dual Slot,Experimental,70.4,44.6,,,,,36000.0,600.0,4.795790545596741,1.791759469228055,10.491301994830229,2.23606797749979,44.6,73323.1305290255,0.6335227272727273,1,0
A Directional Interstitial Antenna for Microwave Tissue Ablation: Theoretical and Experimental Inves,,80.0,10.0,94.0,Other,Other,Experimental,,56.0,35.2,,,,48000.0,800.0,4.394449154672439,2.3978952727983707,10.778977123006351,3.1622776601683795,35.2,,,1,0
Microwave ablation at 915 MHz vs 2.45 GHz: A theoretical,,30.0,5.0,105.0,Other,Other,Experimental,55.0,,32.4,,,,9000.0,150.0,3.4339872044851463,1.791759469228055,9.105090961257085,2.23606797749979,32.4,30230.91778696386,0.5890909090909091,1,0
Microwave ablation at 915 MHz vs 2.45 GHz: A theoretical,,30.0,10.0,118.0,Other,Other,Experimental,56.0,,36.3,,,,18000.0,300.0,3.4339872044851463,2.3978952727983707,9.798182590890704,3.1622776601683795,36.3,38636.68875461485,0.6482142857142856,1,0
Microwave Ablation: Comparison of Simultaneous and Sequential Activation of Multiple Antennas in Liv,2015.0,50.0,15.0,93.2,Other,Other,Experimental,39.5,,38.8,,,,45000.0,750.0,3.9318256327243257,2.772588722239781,10.714439990727769,3.872983346207417,38.8,31135.738359099767,0.9822784810126581,1,0
Microwave Ablation: Comparison of Simultaneous and Sequential Activation of Multiple Antennas in Liv,2015.0,50.0,5.0,103.0,Other,Other,Experimental,45.1,,35.6,,,,15000.0,250.0,3.9318256327243257,1.791759469228055,9.61587214452889,2.23606797749979,35.6,29927.82530532593,0.7893569844789357,1,0
Microwave Ablation: Comparison of Simultaneous and Sequential Activation of Multiple Antennas in Liv,2015.0,50.0,25.0,95.2,Other,Other,Experimental,45.7,,37.6,,,,75000.0,1250.0,3.9318256327243257,3.258096538021482,11.225256725762893,5.0,37.6,33829.105328036196,0.8227571115973742,1,0
Microwave Ablation: Comparison of Simultaneous and Sequential Activation of Multiple Antennas in Liv,2015.0,50.0,5.0,104.0,Other,Other,Experimental,49.7,,39.7,,,,15000.0,250.0,3.9318256327243257,1.791759469228055,9.61587214452889,2.23606797749979,39.7,41014.36807336633,0.7987927565392354,1,0
Microwave Ablation: Comparison of Simultaneous and Sequential Activation of Multiple Antennas in Liv,2015.0,65.0,15.0,,Other,Other,Experimental,35.2,,31.8,,,,58500.0,975.0,4.189654742026425,2.772588722239781,10.97679912709094,3.872983346207417,31.8,18637.837709428037,0.9034090909090908,0,0
Microwave Ablation: Comparison of Simultaneous and Sequential Activation of Multiple Antennas in Liv,2015.0,65.0,5.0,,Other,Other,Experimental,37.2,,33.3,,,,19500.0,325.0,4.189654742026425,1.791759469228055,9.87822102528824,2.23606797749979,33.3,21598.82020136295,0.8951612903225805,0,0
Microwave Ablation: Comparison of Simultaneous and Sequential Activation of Multiple Antennas in Liv,2015.0,65.0,25.0,,Other,Other,Experimental,40.3,,35.3,,,,97500.0,1625.0,4.189654742026425,3.258096538021482,11.487617913343598,5.0,35.3,26293.783290896947,0.8759305210918114,0,0
Microwave Ablation: Comparison of Simultaneous and Sequential Activation of Multiple Antennas in Liv,2015.0,65.0,5.0,,Other,Other,Experimental,46.8,,40.2,,,,19500.0,325.0,4.189654742026425,1.791759469228055,9.87822102528824,2.23606797749979,40.2,39600.12725687654,0.8589743589743591,0,0
Analysis of minimally invasive directional,2016.0,40.0,5.0,,Other,Other,Experimental,18.0,18.0,,,,,12000.0,200.0,3.713572066704308,1.791759469228055,9.392745258631441,2.23606797749979,18.0,3053.628059289279,1.0,0,0
Analysis of minimally invasive directional,2016.0,40.0,10.0,,Other,Other,Experimental,19.8,22.4,,,,,24000.0,400.0,3.713572066704308,2.3978952727983707,10.085850775128717,3.1622776601683795,22.4,5201.8742485552075,1.0,0,0
Analysis of minimally invasive directional,2016.0,77.0,5.0,,Other,Other,Experimental,29.7,25.8,,,,,23100.0,385.0,4.356708826689592,1.791759469228055,10.047631185616188,2.23606797749979,25.8,10351.290182980772,0.8686868686868687,0,0
Analysis of minimally invasive directional,2016.0,77.0,10.0,,Other,Other,Experimental,26.4,29.7,,,,,46200.0,770.0,4.356708826689592,2.3978952727983707,10.740756721857226,3.1622776601683795,29.7,12193.136840742089,1.0,0,0
Experimental measurement of microwave ablation heating pattern and comparison to computer simulation,2016.0,15.0,6.0,105.0,Other,Other,Experimental,26.6,13.0,,,,,5400.0,90.0,2.772588722239781,1.9459101490553132,8.594339400592892,2.449489742783178,13.0,2353.785935824593,0.48872180451127817,1,0
The impact of frequency on the performance of microwave ablation- 2016,2016.0,25.0,5.0,,Other,Other,Experimental,,,27.0,,,,7500.0,125.0,3.258096538021482,1.791759469228055,8.922791623969637,2.23606797749979,27.0,,,0,0
A Hybrid Slot/Monopole Antenna With Directional Heating Patterns for Microwave Ablation- 2017,2017.0,20.0,5.0,,Monopole,Monopole,Experimental,20.0,20.0,,,,,6000.0,100.0,3.044522437723423,1.791759469228055,8.699681400989514,2.23606797749979,20.0,4188.79020478639,1.0,0,0
A Minimally Invasive Coax-Fed Microwave Ablation Antenna With a Tapered Balun- 2017,2017.0,20.0,5.0,,Other,Other,Experimental,32.0,,,30.0,,,6000.0,100.0,3.044522437723423,1.791759469228055,8.699681400989514,2.23606797749979,,,,0,0
A Minimally Invasive Coax-Fed Microwave Ablation Antenna With a Tapered Balun- 2017,2017.0,20.0,10.0,,Other,Other,Experimental,38.0,,,42.0,,,12000.0,200.0,3.044522437723423,2.3978952727983707,9.392745258631441,3.1622776601683795,,,,0,0
A Minimally Invasive Coax-Fed Microwave Ablation Antenna With a Tapered Balun- 2017,2017.0,30.0,5.0,,Other,Other,Experimental,37.0,,,34.0,,,9000.0,150.0,3.4339872044851463,1.791759469228055,9.105090961257085,2.23606797749979,,,,0,0
A Minimally Invasive Coax-Fed Microwave Ablation Antenna With a Tapered Balun- 2017,2017.0,30.0,10.0,,Other,Other,Experimental,46.0,,,43.0,,,18000.0,300.0,3.4339872044851463,2.3978952727983707,9.798182590890704,3.1622776601683795,,,,0,0
Analysis of microwave ablation antenna optimization techniques- 2017,2017.0,50.0,5.0,,Monopole,Monopole,Experimental,63.8,,23.0,,,,15000.0,250.0,3.9318256327243257,1.791759469228055,9.61587214452889,2.23606797749979,23.0,17671.563396197704,0.3605015673981191,0,0
Analysis of microwave ablation antenna optimization techniques- 2017,2017.0,50.0,5.0,,Monopole,Monopole,Experimental,52.0,,25.5,,,,15000.0,250.0,3.9318256327243257,1.791759469228055,9.61587214452889,2.23606797749979,25.5,17704.445399305278,0.49038461538461536,0,0
Analysis of microwave ablation antenna optimisation techniques- 2017,2017.0,50.0,5.0,,Monopole,Monopole,Experimental,54.8,,24.5,,,,15000.0,250.0,3.9318256327243257,1.791759469228055,9.61587214452889,2.23606797749979,24.5,17223.10104489776,0.44708029197080296,0,0
Analysis of microwave ablation antenna optimization techniques- 2017,2017.0,50.0,5.0,,Dual slot,Dual Slot,Experimental,70.6,,26.9,,,,15000.0,250.0,3.9318256327243257,1.791759469228055,9.61587214452889,2.23606797749979,26.9,26749.020486754358,0.3810198300283286,0,0
Analysis of microwave ablation antenna optimization techniques- 2017,2017.0,50.0,5.0,,Dual slot,Dual Slot,Experimental,47.7,,29.4,,,,15000.0,250.0,3.9318256327243257,1.791759469228055,9.61587214452889,2.23606797749979,29.4,21587.962857152143,0.6163522012578616,0,0
Analysis of microwave ablation antenna optimisation techniques- 2017,2017.0,50.0,5.0,,Dual slot,Dual Slot,Experimental,66.3,,23.1,,,,15000.0,250.0,3.9318256327243257,1.791759469228055,9.61587214452889,2.23606797749979,23.1,18524.057077496647,0.3484162895927602,0,0
Interstitial microwave treatment for cancer: historical basis and current techniques in antenna desi,2017.0,50.0,2.0,,Other,Other,Experimental,,,24.0,,,,6000.0,100.0,3.9318256327243257,1.0986122886681098,8.699681400989514,1.4142135623730951,24.0,,,0,0
Interstitial microwave treatment for cancer: historical basis and current techniques in antenna desi,2017.0,50.0,4.0,,Other,Other,Experimental,,,29.5,,,,12000.0,200.0,3.9318256327243257,1.6094379124341003,9.392745258631441,2.0,29.5,,,0,0
Interstitial microwave treatment for cancer: historical basis and current techniques in antenna desi,2017.0,50.0,6.0,,Other,Other,Experimental,,,33.0,,,,18000.0,300.0,3.9318256327243257,1.9459101490553132,9.798182590890704,2.449489742783178,33.0,,,0,0
Interstitial microwave treatment for cancer: historical basis and current techniques in antenna desi,2017.0,50.0,8.0,,Other,Other,Experimental,,,39.0,,,,24000.0,400.0,3.9318256327243257,2.1972245773362196,10.085850775128717,2.8284271247461903,39.0,,,0,0
Interstitial microwave treatment for cancer: historical basis and current techniques in antenna desi,2017.0,50.0,10.0,,Other,Other,Experimental,,,42.5,,,,30000.0,500.0,3.9318256327243257,2.3978952727983707,10.308985993422082,3.1622776601683795,42.5,,,0,0
Interstitial microwave treatment for cancer: historical basis and current techniques in antenna desi,2017.0,50.0,12.0,,Other,Other,Experimental,,,45.0,,,,36000.0,600.0,3.9318256327243257,2.5649493574615367,10.491301994830229,3.4641016151377544,45.0,,,0,0
Interstitial microwave treatment for cancer: historical basis and current techniques in antenna desi,2017.0,50.0,16.0,,Other,Other,Experimental,,,44.5,,,,48000.0,800.0,3.9318256327243257,2.833213344056216,10.778977123006351,4.0,44.5,,,0,0
Interstitial microwave treatment for cancer: historical basis and current techniques in antenna desi,2017.0,50.0,20.0,,Other,Other,Experimental,,,47.0,,,,60000.0,1000.0,3.9318256327243257,3.044522437723423,11.002116507732017,4.47213595499958,47.0,,,0,0
Interstitial microwave treatment for cancer: historical basis and current techniques in antenna desi,2017.0,100.0,2.0,,Other,Other,Experimental,,,27.0,,,,12000.0,200.0,4.61512051684126,1.0986122886681098,9.392745258631441,1.4142135623730951,27.0,,,0,0
Interstitial microwave treatment for cancer: historical basis and current techniques in antenna desi,2017.0,100.0,4.0,,Other,Other,Experimental,,,35.0,,,,24000.0,400.0,4.61512051684126,1.6094379124341003,10.085850775128717,2.0,35.0,,,0,0
Interstitial microwave treatment for cancer: historical basis and current techniques in antenna desi,2017.0,100.0,6.0,,Other,Other,Experimental,,,39.5,,,,36000.0,600.0,4.61512051684126,1.9459101490553132,10.491301994830229,2.449489742783178,39.5,,,0,0
Interstitial microwave treatment for cancer: historical basis and current techniques in antenna desi,2017.0,100.0,8.0,,Other,Other,Experimental,,,45.5,,,,48000.0,800.0,4.61512051684126,2.1972245773362196,10.778977123006351,2.8284271247461903,45.5,,,0,0
Interstitial microwave treatment for cancer: historical basis and current techniques in antenna desi,2017.0,100.0,10.0,,Other,Other,Experimental,,,50.0,,,,60000.0,1000.0,4.61512051684126,2.3978952727983707,11.002116507732017,3.1622776601683795,50.0,,,0,0
Interstitial microwave treatment for cancer: historical basis and current techniques in antenna desi,2017.0,100.0,12.0,,Other,Other,Experimental,,,54.5,,,,72000.0,1200.0,4.61512051684126,2.5649493574615367,11.184435286790631,3.4641016151377544,54.5,,,0,0
Interstitial microwave treatment for cancer: historical basis and current techniques in antenna desi,2017.0,100.0,16.0,,Other,Other,Experimental,,,60.5,,,,96000.0,1600.0,4.61512051684126,2.833213344056216,11.472113887062386,4.0,60.5,,,0,0
Interstitial microwave treatment for cancer: historical basis and current techniques in antenna desi,2017.0,100.0,20.0,,Other,Other,Experimental,,,63.5,,,,120000.0,2000.0,4.61512051684126,3.044522437723423,11.695255355062795,4.47213595499958,63.5,,,0,0
Interstitial microwave treatment for cancer: historical basis and current techniques in antenna desi,2017.0,150.0,2.0,,Other,Other,Experimental,,,33.0,,,,18000.0,300.0,5.017279836814924,1.0986122886681098,9.798182590890704,1.4142135623730951,33.0,,,0,0
Interstitial microwave treatment for cancer: historical basis and current techniques in antenna desi,2017.0,150.0,4.0,,Other,Other,Experimental,,,40.5,,,,36000.0,600.0,5.017279836814924,1.6094379124341003,10.491301994830229,2.0,40.5,,,0,0
Interstitial microwave treatment for cancer: historical basis and current techniques in antenna desi,2017.0,150.0,6.0,,Other,Other,Experimental,,,44.0,,,,54000.0,900.0,5.017279836814924,1.9459101490553132,10.896757843893464,2.449489742783178,44.0,,,0,0
Interstitial microwave treatment for cancer: historical basis and current techniques in antenna desi,2017.0,150.0,8.0,,Other,Other,Experimental,,,49.0,,,,72000.0,1200.0,5.017279836814924,2.1972245773362196,11.184435286790631,2.8284271247461903,49.0,,,0,0
Interstitial microwave treatment for cancer: historical basis and current techniques in antenna desi,2017.0,150.0,10.0,,Other,Other,Experimental,,,61.0,,,,90000.0,1500.0,5.017279836814924,2.3978952727983707,11.407576060361786,3.1622776601683795,61.0,,,0,0
Interstitial microwave treatment for cancer: historical basis and current techniques in antenna desi,2017.0,150.0,12.0,,Other,Other,Experimental,,,65.5,,,,108000.0,1800.0,5.017279836814924,2.5649493574615367,11.58989576532275,3.4641016151377544,65.5,,,0,0
Interstitial microwave treatment for cancer: historical basis and current techniques in antenna desi,2017.0,150.0,16.0,,Other,Other,Experimental,,,70.5,,,,144000.0,2400.0,5.017279836814924,2.833213344056216,11.87757552297847,4.0,70.5,,,0,0
Interstitial microwave treatment for cancer: historical basis and current techniques in antenna desi,2017.0,150.0,20.0,,Other,Other,Experimental,,,76.0,,,,180000.0,3000.0,5.017279836814924,3.044522437723423,12.100717685412471,4.47213595499958,76.0,,,0,0
Microwave ablation in primary and secondary,2017.0,50.0,6.0,,Other,Other,Experimental,37.0,34.0,,,,,18000.0,300.0,3.9318256327243257,1.9459101490553132,9.798182590890704,2.449489742783178,34.0,22395.366829890438,0.918918918918919,0,0
Reduced-Diameter Designs of Coax-Fed Microwave Ablation Antennas Equipped With Baluns- 2017,2017.0,30.0,5.0,,Other,Other,Experimental,40.0,28.0,,,,,9000.0,150.0,3.4339872044851463,1.791759469228055,9.105090961257085,2.23606797749979,28.0,16420.05760276265,0.7,0,0
"A coaxial slot antenna with a frequency of 433 MHz for microwave ablation therapies: design, simulat",2017.0,50.0,10.0,,tri-slot antenna,Multi Slot/Triple,Experimental,88.0,,22.0,,,,30000.0,500.0,3.9318256327243257,2.3978952727983707,10.308985993422082,3.1622776601683795,22.0,22301.119050282745,0.25,0,0
"A coaxial slot antenna with a frequency of 433 MHz for microwave ablation therapies: design, simulat",2017.0,60.0,10.0,120.0,tri-slot antenna,Multi Slot/Triple,Experimental,90.0,,26.0,,,,36000.0,600.0,4.110873864173311,2.3978952727983707,10.491301994830229,3.1622776601683795,26.0,31855.7495074005,0.28888888888888886,1,0
"A coaxial slot antenna with a frequency of 433 MHz for microwave ablation therapies: design, simulat",2017.0,70.0,10.0,,tri-slot antenna,Multi Slot/Triple,Experimental,94.0,,24.0,,,,42000.0,700.0,4.2626798770413155,2.3978952727983707,10.645448706505872,3.1622776601683795,24.0,28349.73210599429,0.2553191489361702,0,0
"A coaxial slot antenna with a frequency of 433 MHz for microwave ablation therapies: design, simulat",2017.0,80.0,10.0,,tri-slot antenna,Multi Slot/Triple,Experimental,95.0,,27.0,,,,48000.0,800.0,4.394449154672439,2.3978952727983707,10.778977123006351,3.1622776601683795,27.0,36261.83320406018,0.28421052631578947,0,0
"A coaxial slot antenna with a frequency of 433 MHz for microwave ablation therapies: design, simulat",2017.0,50.0,10.0,,single-slot antenna,Single Slot,Experimental,79.0,,20.0,,,,30000.0,500.0,3.9318256327243257,2.3978952727983707,10.308985993422082,3.1622776601683795,20.0,16545.721308906242,0.25316455696202533,0,0
"A coaxial slot antenna with a frequency of 433 MHz for microwave ablation therapies: design, simulat",2017.0,60.0,10.0,170.0,single-slot antenna,Single Slot,Experimental,80.0,,25.0,,,,36000.0,600.0,4.110873864173311,2.3978952727983707,10.491301994830229,3.1622776601683795,25.0,26179.93877991494,0.3125,1,0
"A coaxial slot antenna with a frequency of 433 MHz for microwave ablation therapies: design, simulat",2017.0,70.0,10.0,,single-slot antenna,Single Slot,Experimental,85.0,,27.0,,,,42000.0,700.0,4.2626798770413155,2.3978952727983707,10.645448706505872,3.1622776601683795,27.0,32444.798129948584,0.3176470588235294,0,0
"A coaxial slot antenna with a frequency of 433 MHz for microwave ablation therapies: design, simulat",2017.0,80.0,10.0,,single-slot antenna,Single Slot,Experimental,90.0,,27.0,,,,48000.0,800.0,4.394449154672439,2.3978952727983707,10.778977123006351,3.1622776601683795,27.0,34353.31566700438,0.3,0,0
In Vitro and In Vivo Evaluation of the Thermal Patterns and Lesions of Catheter Ablation with a Micr,2004.0,24.0,0.5,57.0,Monopole antenna,Monopole,Experimental,,,,4.0,,,720.0,12.0,3.2188758248682006,0.4054651081081644,6.580639137284949,0.7071067811865476,,,,1,0
In Vitro and In Vivo Evaluation of the Thermal Patterns and Lesions of Catheter Ablation with a Micr,2004.0,24.0,1.0,67.0,Monopole antenna,Monopole,Experimental,,,,7.0,,,1440.0,24.0,3.2188758248682006,0.6931471805599453,7.273092595999522,1.0,,,,1,0
In Vitro and In Vivo Evaluation of the Thermal Patterns and Lesions of Catheter Ablation with a Micr,2004.0,24.0,1.5,67.0,Monopole antenna,Monopole,Experimental,,,,8.0,,,2160.0,36.0,3.2188758248682006,0.9162907318741551,7.6783263565068856,1.224744871391589,,,,1,0
In Vitro and In Vivo Evaluation of the Thermal Patterns and Lesions of Catheter Ablation with a Micr,2004.0,24.0,2.0,67.0,Monopole antenna,Monopole,Experimental,,,,8.0,,,2880.0,48.0,3.2188758248682006,1.0986122886681098,7.9658927350845286,1.4142135623730951,,,,1,0
In Vitro and In Vivo Evaluation of the Thermal Patterns and Lesions of Catheter Ablation with a Micr,2004.0,31.0,,77.0,Monopole antenna,Monopole,Experimental,,,,,,,,,3.4657359027997265,,,,,,,1,0
In Vitro and In Vivo Evaluation of the Thermal Patterns and Lesions of Catheter Ablation with a Micr,2004.0,31.0,,57.0,Monopole antenna,Monopole,Experimental,,,,5.0,,,,,3.4657359027997265,,,,,,,1,0
In Vitro and In Vivo Evaluation of the Thermal Patterns and Lesions of Catheter Ablation with a Micr,2004.0,21.0,1.0,,Monopole antenna,Monopole,Experimental,,5.0,,7.0,,,1260.0,21.0,3.091042453358316,0.6931471805599453,7.13966033596492,1.0,5.0,,,0,0
In Vitro and In Vivo Evaluation of the Thermal Patterns and Lesions of Catheter Ablation with a Micr,2004.0,27.0,1.0,,Monopole antenna,Monopole,Experimental,,7.0,,10.0,,,1620.0,27.0,3.332204510175204,0.6931471805599453,7.390798521735676,1.0,7.0,,,0,0
In Vitro and In Vivo Evaluation of the Thermal Patterns and Lesions of Catheter Ablation with a Micr,2004.0,33.0,1.0,,Monopole antenna,Monopole,Experimental,,7.0,,13.0,,,1980.0,33.0,3.5263605246161616,0.6931471805599453,7.591357046698551,1.0,7.0,,,0,0
Non-coaxial-based microwave ablation antennas for creating symmetric and asymmetric coagulation zone,2018.0,18.0,10.0,82.0,Other,Other,Experimental,35.0,,25.0,,,,10800.0,180.0,2.9444389791664403,2.3978952727983707,9.287394001418473,3.1622776601683795,25.0,11453.723216212786,0.7142857142857143,1,0
Non-coaxial-based microwave ablation antennas for creating symmetric and asymmetric coagulation zone,2018.0,25.0,5.0,,Other,Other,Experimental,20.0,18.0,,,,,7500.0,125.0,3.258096538021482,1.791759469228055,8.922791623969637,2.23606797749979,18.0,3392.920065876976,0.9,0,0
Microwave antennas for thermal ablation of benign adrenal adenomas- 2019,2019.0,30.0,0.5,,Other,Other,Experimental,9.2,6.6,,,,,900.0,15.0,3.4339872044851463,0.4054651081081644,6.803505257608338,0.7071067811865476,6.6,209.8332565185694,0.717391304347826,0,0
Microwave antennas for thermal ablation of benign adrenal adenomas- 2019,2019.0,30.0,1.0,,Other,Other,Experimental,11.0,11.2,,,,,1800.0,30.0,3.4339872044851463,0.6931471805599453,7.496097345175956,1.0,11.2,722.4825345215565,1.0,0,0
Microwave antennas for thermal ablation of benign adrenal adenomas- 2019,2019.0,30.0,1.5,,Other,Other,Experimental,11.6,12.7,,,,,2700.0,45.0,3.4339872044851463,0.9162907318741551,7.901377353792616,1.224744871391589,12.7,979.6344595884955,1.0,0,0
Microwave antennas for thermal ablation of benign adrenal adenomas- 2019,2019.0,40.0,0.5,,Other,Other,Experimental,8.2,7.3,,,,,1200.0,20.0,3.713572066704308,0.4054651081081644,7.0909098220799835,0.7071067811865476,7.3,228.8011457633934,0.8902439024390244,0,0
Microwave antennas for thermal ablation of benign adrenal adenomas- 2019,2019.0,40.0,1.0,,Other,Other,Experimental,14.4,14.7,,,,,2400.0,40.0,3.713572066704308,0.6931471805599453,7.783640596221253,1.0,14.7,1629.280215634124,1.0,0,0
Microwave antennas for thermal ablation of benign adrenal adenomas- 2019,2019.0,40.0,1.5,,Other,Other,Experimental,17.1,17.6,,,,,3600.0,60.0,3.713572066704308,0.9162907318741551,8.188966863648876,1.224744871391589,17.6,2773.4482600715273,1.0,0,0
Design of Microwave Ablation Antenna for,2025.0,20.0,1.0,,Omnidirectional Antenna,Directional,Experimental,21.0,4.0,,,,,1200.0,20.0,3.044522437723423,0.6931471805599453,7.0909098220799835,1.0,4.0,175.92918860102841,0.19047619047619047,0,0
Design of Microwave Ablation Antenna for,2025.0,20.0,3.0,,Omnidirectional Antenna,Directional,Experimental,22.0,10.0,,,,,3600.0,60.0,3.044522437723423,1.3862943611198906,8.188966863648876,1.7320508075688772,10.0,1151.9173063162575,0.45454545454545453,0,0
Design of Microwave Ablation Antenna for,2025.0,20.0,5.0,,Omnidirectional Antenna,Directional,Experimental,32.0,12.0,,,,,6000.0,100.0,3.044522437723423,1.791759469228055,8.699681400989514,2.23606797749979,12.0,2412.743157956961,0.375,0,0
Design of Microwave Ablation Antenna for,2025.0,20.0,7.0,,Omnidirectional Antenna,Directional,Experimental,35.0,12.0,,,,,8400.0,140.0,3.044522437723423,2.0794415416798357,9.036106025364846,2.6457513110645907,12.0,2638.937829015426,0.34285714285714286,0,0
Design of Microwave Ablation Antenna for,2025.0,20.0,1.0,,Directional Antenna,Directional,Experimental,13.0,6.0,,,,,1200.0,20.0,3.044522437723423,0.6931471805599453,7.0909098220799835,1.0,6.0,245.04422698000383,0.46153846153846156,0,0
Design of Microwave Ablation Antenna for,2025.0,20.0,3.0,,Directional Antenna,Directional,Experimental,23.0,10.0,,,,,3600.0,60.0,3.044522437723423,1.3862943611198906,8.188966863648876,1.7320508075688772,10.0,1204.2771838760873,0.43478260869565216,0,0
Design of Microwave Ablation Antenna for,2025.0,20.0,5.0,,Directional Antenna,Directional,Experimental,22.0,11.0,,,,,6000.0,100.0,3.044522437723423,1.791759469228055,8.699681400989514,2.23606797749979,11.0,1393.8199406426716,0.5,0,0
Design of Microwave Ablation Antenna for,2025.0,20.0,7.0,,Directional Antenna,Directional,Experimental,39.0,18.0,,,,,8400.0,140.0,3.044522437723423,2.0794415416798357,9.036106025364846,2.6457513110645907,18.0,6616.1941284601035,0.46153846153846156,0,0
Microwave Antenna Design for Cardiovascular,2023.0,40.0,2.0,72.37,MRSA,MRSA,Experimental,14.39,18.66,,,,,4800.0,80.0,3.713572066704308,1.0986122886681098,8.476579508530941,1.4142135623730951,18.66,2623.5098256352094,1.0,1,0
Microwave Antenna Design for Cardiovascular,2023.0,40.0,2.0,84.92,Monopole,Monopole,Experimental,17.8,24.92,,,,,4800.0,80.0,3.713572066704308,1.0986122886681098,8.476579508530941,1.4142135623730951,24.92,5787.815794080992,1.0,1,0
A Flexible Microwave Ablation Antenna for Lung Cancer Treatment -2023,2023.0,10.0,3.5,60.0,Flexible meandered monopole MWA antenna,Monopole,Experimental,24.0,12.0,,,,,2100.0,35.0,2.3978952727983707,1.5040773967762742,7.650168700845001,1.8708286933869707,12.0,1809.5573684677208,0.5,1,0
Feasibility Study of Microsecond Pulsed Microwave,2022.0,25000.0,10.0,100.0,Floating-sleeve dipole antenna (Pulsed MWA mode),Dipole,Experimental,27.0,27.0,,,,,15000000.0,250000.0,10.12667110305036,2.3978952727983707,16.52356082573315,3.1622776601683795,27.0,10305.994700101315,1.0,1,0
Feasibility Study of Microsecond Pulsed Microwave,2022.0,25000.0,10.0,100.0,Floating-sleeve dipole antenna (Continuous MWA mode),Dipole,Experimental,30.0,30.0,,,,,15000000.0,250000.0,10.12667110305036,2.3978952727983707,16.52356082573315,3.1622776601683795,30.0,14137.166941154068,1.0,1,0
Feasibility Study of Microsecond Pulsed Microwave,2022.0,25000.0,2.0,100.0,Floating-sleeve dipole antenna,Dipole,Experimental,15.7,12.7,,,,,3000000.0,50000.0,10.12667110305036,1.0986122886681098,14.914123179965662,1.4142135623730951,12.7,1325.8845703051188,0.8089171974522293,1,0
Feasibility Study of Microsecond Pulsed Microwave,2022.0,25000.0,6.0,100.0,Floating-sleeve dipole antenna,Dipole,Experimental,26.7,19.3,,,,,9000000.0,150000.0,10.12667110305036,1.9459101490553132,16.012735246411598,2.449489742783178,19.3,5207.4427215336955,0.7228464419475656,1,0
Feasibility Study of Microsecond Pulsed Microwave,2022.0,25000.0,8.0,100.0,Floating-sleeve dipole antenna,Dipole,Experimental,21.5,18.7,,,,,12000000.0,200000.0,10.12667110305036,2.1972245773362196,16.300417291085605,2.8284271247461903,18.7,3936.591000537836,0.8697674418604651,1,0
Feasibility Study of Microsecond Pulsed Microwave,2022.0,25000.0,12.0,100.0,Floating-sleeve dipole antenna,Dipole,Experimental,19.0,16.0,,,,,18000000.0,300000.0,10.12667110305036,2.5649493574615367,16.705882371415992,3.4641016151377544,16.0,2546.7844445101255,0.8421052631578947,1,0
A Minimally Invasive Microwave Ablation Antenna With Highly Localized Ablation Zone -2022,2022.0,20.0,5.0,60.0,Monopole SICL Antenna,Monopole,Experimental,32.0,24.0,,,,,6000.0,100.0,3.044522437723423,1.791759469228055,8.699681400989514,2.23606797749979,24.0,9650.972631827844,0.75,1,0
A Minimally Invasive Microwave Ablation Antenna With Highly Localized Ablation Zone -2022,2022.0,20.0,10.0,60.0,Monopole SICL Antenna,Monopole,Experimental,45.0,28.0,,,,,12000.0,200.0,3.044522437723423,2.3978952727983707,9.392745258631441,3.1622776601683795,28.0,18472.564803107984,0.6222222222222222,1,0
Triple Coaxial-Half-Slot Antenna Scheme With,2021.0,50.0,1.0,60.0,Coaxial Half-Slot antenna (10 mm spacing),Coaxial Half-Slot,Experimental,,,,,18437.0,,3000.0,50.0,3.9318256327243257,0.6931471805599453,8.006700845440367,1.0,,18437.0,,1,0
Triple Coaxial-Half-Slot Antenna Scheme With,2021.0,50.0,10.0,60.0,Coaxial Half-Slot antenna (20 mm spacing),Coaxial Half-Slot,Experimental,,,,,29317.0,,30000.0,500.0,3.9318256327243257,2.3978952727983707,10.308985993422082,3.1622776601683795,,29317.0,,1,0
Triple Coaxial-Half-Slot Antenna Scheme With,2021.0,50.0,21.0,60.0,Coaxial Half-Slot antenna (30 mm spacing),Coaxial Half-Slot,Experimental,,,,,63504.0,,63000.0,1050.0,3.9318256327243257,3.091042453358316,11.050905878263567,4.58257569495584,,63504.0,,1,0
Flexible Microwave Ablation Antenna - Data Extraction Analysis -2021 (For Egg White Experiments - No,2021.0,5.0,20.0,40.0,Semi-rigid Antenna - Continuous wave (CW) power delivery,Other,Experimental,15.0,12.0,,,,,6000.0,100.0,1.791759469228055,3.044522437723423,8.699681400989514,4.47213595499958,12.0,1130.9733552923253,0.8,1,0
Flexible Microwave Ablation Antenna - Data Extraction Analysis -2021 (For Egg White Experiments - No,2021.0,10.0,10.0,50.0,Semi-rigid Antenna - Continuous wave (CW) power delivery,Other,Experimental,25.0,15.0,,,,,6000.0,100.0,2.3978952727983707,2.3978952727983707,8.699681400989514,3.1622776601683795,15.0,2945.243112740431,0.6,1,0
Flexible Microwave Ablation Antenna - Data Extraction Analysis -2021 (For Egg White Experiments - No,2021.0,15.0,6.7,60.0,Semi-rigid Antenna - Continuous wave (CW) power delivery,Other,Experimental,35.0,15.0,,,,,6030.0,100.5,2.772588722239781,2.0412203288596382,8.704668113450987,2.588435821108957,15.0,4123.340357836602,0.42857142857142855,1,0
Flexible Microwave Ablation Antenna - Data Extraction Analysis -2021 (For Egg White Experiments - No,2021.0,20.0,5.0,65.0,Semi-rigid Antenna - Continuous wave (CW) power delivery,Other,Experimental,40.0,15.0,,,,,6000.0,100.0,3.044522437723423,1.791759469228055,8.699681400989514,2.23606797749979,15.0,4712.388980384689,0.375,1,0
Flexible Microwave Ablation Antenna - Data Extraction Analysis -2021 (For Egg White Experiments - No,2021.0,5.0,40.0,25.0,Semi-rigid Antenna - Pulsed power delivery,Other,Experimental,8.0,5.0,,,,,12000.0,200.0,1.791759469228055,3.713572066704308,9.392745258631441,6.324555320336759,5.0,104.71975511965977,0.625,1,0
Flexible Microwave Ablation Antenna - Data Extraction Analysis -2021 (For Egg White Experiments - No,2021.0,10.0,20.0,40.0,Semi-rigid Antenna - Pulsed power delivery,Other,Experimental,20.0,10.0,,,,,12000.0,200.0,2.3978952727983707,3.044522437723423,9.392745258631441,4.47213595499958,10.0,1047.1975511965975,0.5,1,0
Flexible Microwave Ablation Antenna - Data Extraction Analysis -2021 (For Egg White Experiments - No,2021.0,15.0,13.3,50.0,Semi-rigid Antenna - Pulsed power delivery,Other,Experimental,30.0,12.0,,,,,11970.0,199.5,2.772588722239781,2.6602595372658615,9.39024233725137,3.646916505762094,12.0,2261.9467105846506,0.4,1,0
Flexible Microwave Ablation Antenna - Data Extraction Analysis -2021 (For Egg White Experiments - No,2021.0,20.0,10.0,55.0,Semi-rigid Antenna - Pulsed power delivery,Other,Experimental,35.0,13.0,,,,,12000.0,200.0,3.044522437723423,2.3978952727983707,9.392745258631441,3.1622776601683795,13.0,3097.086757663937,0.37142857142857144,1,0
Flexible Microwave Ablation Antenna - Data Extraction Analysis -2021 (For Perfused Porcine liver wit,2021.0,10.0,10.0,,Semi-rigid Antenna - Continuous Wave (CW) power delivery,Other,Experimental,30.0,12.0,,,,,6000.0,100.0,2.3978952727983707,2.3978952727983707,8.699681400989514,3.1622776601683795,12.0,2261.9467105846506,0.4,0,0
Flexible Microwave Ablation Antenna - Data Extraction Analysis -2021 (For Perfused Porcine liver wit,2021.0,15.0,6.7,,Semi-rigid Antenna - Continuous Wave (CW) power delivery,Other,Experimental,32.0,14.0,,,,,6030.0,100.5,2.772588722239781,2.0412203288596382,8.704668113450987,2.588435821108957,14.0,3284.0115205525303,0.4375,0,0
Flexible Microwave Ablation Antenna - Data Extraction Analysis -2021 (For Perfused Porcine liver wit,2021.0,10.0,20.0,,Semi-rigid Antenna - Pulsed power delivery,Other,Experimental,,,30.0,,,,12000.0,200.0,2.3978952727983707,3.044522437723423,9.392745258631441,4.47213595499958,30.0,,,0,0
Flexible Microwave Ablation Antenna - Data Extraction Analysis -2021 (For Perfused Porcine liver wit,2021.0,15.0,13.3,,Semi-rigid Antenna - Pulsed power delivery,Other,Experimental,,,25.0,,,,11970.0,199.5,2.772588722239781,2.6602595372658615,9.39024233725137,3.646916505762094,25.0,,,0,0
A Microwave Ablation Antenna Based on,2021.0,20.0,5.0,60.0,Double Dipole Substrate-Integrated Coaxial Line (SICL) Antenna,Dipole,Experimental,15.0,24.0,,,,,6000.0,100.0,3.044522437723423,1.791759469228055,8.699681400989514,2.23606797749979,24.0,4523.893421169301,1.0,1,0
A Microwave Ablation Antenna Based on,2021.0,20.0,10.0,60.0,Double Dipole Substrate-Integrated Coaxial Line (SICL) Antenna,Dipole,Experimental,26.0,37.0,,,,,12000.0,200.0,3.044522437723423,2.3978952727983707,9.392745258631441,3.1622776601683795,37.0,18636.97481864585,1.0,1,0
Toward Flexible Microwave Ablation Antennas,2020.0,40.0,5.0,60.0,Balun-free helical dipole antenna,Helical Dipole,Experimental,39.2,30.6,,,,,12000.0,200.0,3.713572066704308,1.791759469228055,9.392745258631441,2.23606797749979,30.6,19218.85642115355,0.7806122448979592,1,0
The Performance of Higher Frequency Microwave Ablation in the Presence of Perfusion -2019 (Non-Perfu,2019.0,25.0,5.0,,Floating-Sleeve Dipole (FSD) microwave ablation antenna,Dipole,Experimental,,24.0,,,,,7500.0,125.0,3.258096538021482,1.791759469228055,8.922791623969637,2.23606797749979,24.0,,,0,0
The Performance of Higher Frequency Microwave Ablation in the Presence of Perfusion -2019 (Perfused ,2019.0,25.0,5.0,,Floating-Sleeve Dipole (FSD) microwave ablation antenna,Dipole,Experimental,,16.0,,,,,7500.0,125.0,3.258096538021482,1.791759469228055,8.922791623969637,2.23606797749979,16.0,,,0,0
Microwave Ablation With a Triaxial Antenna: Results in ex vivo Bovine Liver-2005    Antenna type: Tr,2005.0,25.0,1.0,,Triaxial microwave antenna,Triaxial,Experimental,,,13.0,,,,1500.0,25.0,3.258096538021482,0.6931471805599453,7.313886831633462,1.0,13.0,,,0,0
Microwave Ablation With a Triaxial Antenna: Results in ex vivo Bovine Liver-2005    Antenna type: Tr,2005.0,25.0,2.0,,Triaxial microwave antenna,Triaxial,Experimental,,,19.0,,,,3000.0,50.0,3.258096538021482,1.0986122886681098,8.006700845440367,1.4142135623730951,19.0,,,0,0
Microwave Ablation With a Triaxial Antenna: Results in ex vivo Bovine Liver-2005    Antenna type: Tr,2005.0,25.0,3.0,,Triaxial microwave antenna,Triaxial,Experimental,,,22.0,,,,4500.0,75.0,3.258096538021482,1.3862943611198906,8.412054873292933,1.7320508075688772,22.0,,,0,0
Microwave Ablation With a Triaxial Antenna: Results in ex vivo Bovine Liver-2005    Antenna type: Tr,2005.0,25.0,5.0,,Triaxial microwave antenna,Triaxial,Experimental,,,26.0,,,,7500.0,125.0,3.258096538021482,1.791759469228055,8.922791623969637,2.23606797749979,26.0,,,0,0
Microwave Ablation With a Triaxial Antenna: Results in ex vivo Bovine Liver-2005    Antenna type: Tr,2005.0,25.0,7.0,,Triaxial microwave antenna,Triaxial,Experimental,,,29.0,,,,10500.0,175.0,3.258096538021482,2.0794415416798357,9.259225769705994,2.6457513110645907,29.0,,,0,0
Microwave Ablation With a Triaxial Antenna: Results in ex vivo Bovine Liver-2005    Antenna type: Tr,2005.0,25.0,10.0,,Triaxial microwave antenna,Triaxial,Experimental,,,31.0,,,,15000.0,250.0,3.258096538021482,2.3978952727983707,9.61587214452889,3.1622776601683795,31.0,,,0,0
Microwave Ablation With a Triaxial Antenna: Results in ex vivo Bovine Liver-2005    Antenna type: Tr,2005.0,10.0,10.0,,Triaxial microwave antenna,Triaxial,Experimental,,,16.0,,,,6000.0,100.0,2.3978952727983707,2.3978952727983707,8.699681400989514,3.1622776601683795,16.0,,,0,0
Microwave Ablation With a Triaxial Antenna: Results in ex vivo Bovine Liver-2005    Antenna type: Tr,2005.0,20.0,10.0,,Triaxial microwave antenna,Triaxial,Experimental,,,23.0,,,,12000.0,200.0,3.044522437723423,2.3978952727983707,9.392745258631441,3.1622776601683795,23.0,,,0,0
Microwave Ablation With a Triaxial Antenna: Results in ex vivo Bovine Liver-2005    Antenna type: Tr,2005.0,30.0,10.0,,Triaxial microwave antenna,Triaxial,Experimental,,,29.0,,,,18000.0,300.0,3.4339872044851463,2.3978952727983707,9.798182590890704,3.1622776601683795,29.0,,,0,0
Microwave Ablation With a Triaxial Antenna: Results in ex vivo Bovine Liver-2005    Antenna type: Tr,2005.0,40.0,10.0,,Triaxial microwave antenna,Triaxial,Experimental,,,33.0,,,,24000.0,400.0,3.713572066704308,2.3978952727983707,10.085850775128717,3.1622776601683795,33.0,,,0,0
Microwave Ablation With a Triaxial Antenna: Results in ex vivo Bovine Liver-2005    Antenna type: Tr,2005.0,50.0,10.0,,Triaxial microwave antenna,Triaxial,Experimental,,,36.0,,,,30000.0,500.0,3.9318256327243257,2.3978952727983707,10.308985993422082,3.1622776601683795,36.0,,,0,0
Microwave Ablation With a Triaxial Antenna: Results in ex vivo Bovine Liver-2005    Antenna type: Tr,2005.0,50.0,7.0,,Triaxial microwave antenna,Triaxial,Experimental,,,36.4,,,,21000.0,350.0,3.9318256327243257,2.0794415416798357,9.952325334619427,2.6457513110645907,36.4,,,0,0
A Floating Sleeve Antenna Yields Localized Hepatic Microwave Ablation --2006 Antenna Type: Floating ,2006.0,120.0,2.5,,Floating sleeve coaxial antenna (Ex vivo),Floating Sleeve,Experimental,,58.7,,36.4,,,18000.0,300.0,4.795790545596741,1.252762968495368,9.798182590890704,1.5811388300841898,58.7,,,0,0
Microwave Ablation with a Single Small-Gauge Triaxial Antenna: In Vivo Porcine Liver Model (2007)Ant,2007.0,68.0,2.0,,Triaxial microwave antenna,Triaxial,Experimental,,,20.5,,,,8160.0,136.0,4.23410650459726,1.0986122886681098,9.007121989469242,1.4142135623730951,20.5,,,0,0
Microwave Ablation with a Single Small-Gauge Triaxial Antenna: In Vivo Porcine Liver Model (2007)Ant,2007.0,68.0,3.0,,Triaxial microwave antenna,Triaxial,Experimental,,,20.6,,,,12240.0,204.0,4.23410650459726,1.3862943611198906,9.412546252075513,1.7320508075688772,20.6,,,0,0
Microwave Ablation with a Single Small-Gauge Triaxial Antenna: In Vivo Porcine Liver Model (2007)Ant,2007.0,68.0,4.0,,Triaxial microwave antenna,Triaxial,Experimental,,,22.7,,,,16320.0,272.0,4.23410650459726,1.6094379124341003,9.700207901150696,2.0,22.7,,,0,0
Microwave Ablation with a Single Small-Gauge Triaxial Antenna: In Vivo Porcine Liver Model (2007)Ant,2007.0,68.0,5.0,,Triaxial microwave antenna,Triaxial,Experimental,,,25.0,,,,20400.0,340.0,4.23410650459726,1.791759469228055,9.923339198238729,2.23606797749979,25.0,,,0,0
Microwave Ablation with a Single Small-Gauge Triaxial Antenna: In Vivo Porcine Liver Model (2007)Ant,2007.0,68.0,6.0,,Triaxial microwave antenna,Triaxial,Experimental,,,23.7,,,,24480.0,408.0,4.23410650459726,1.9459101490553132,10.10565258546514,2.449489742783178,23.7,,,0,0
Microwave Ablation with a Single Small-Gauge Triaxial Antenna: In Vivo Porcine Liver Model (2007)Ant,2007.0,68.0,7.0,,Triaxial microwave antenna,Triaxial,Experimental,,,23.9,,,,28560.0,476.0,4.23410650459726,2.0794415416798357,10.259797429846147,2.6457513110645907,23.9,,,0,0
Microwave Ablation with a Single Small-Gauge Triaxial Antenna: In Vivo Porcine Liver Model (2007)Ant,2007.0,68.0,10.0,,Triaxial microwave antenna,Triaxial,Experimental,,,20.7,,,,40800.0,680.0,4.23410650459726,2.3978952727983707,10.616461869895815,3.1622776601683795,20.7,,,0,0
Microwave Ablation with a Single Small-Gauge Triaxial Antenna: In Vivo Porcine Liver Model (2007)Ant,2007.0,68.0,12.0,,Triaxial microwave antenna,Triaxial,Experimental,,,25.9,,,,48960.0,816.0,4.23410650459726,2.5649493574615367,10.798779341814225,3.4641016151377544,25.9,,,0,0
Microwave Ablation with Multiple Simultaneously Powered Small-Gauge Triaxial Antennas: Results from ,2007.0,55.0,10.0,,Triaxial Antenna,Triaxial,Experimental,,,26.4,,,,33000.0,550.0,4.02535169073515,2.3978952727983707,10.404293143019792,3.1622776601683795,26.4,,,0,0
Microwave Ablation with Multiple Simultaneously Powered Small-Gauge Triaxial Antennas: Results from ,2007.0,165.0,10.0,,Triaxial Antenna,Triaxial,Experimental,,,50.6,,,,99000.0,1650.0,5.111987788356544,2.3978952727983707,11.502885230075814,3.1622776601683795,50.6,,,0,0
Microwave Ablation with Multiple Simultaneously Powered Small-Gauge Triaxial Antennas: Results from ,2007.0,165.0,10.0,,Triaxial Antenna,Triaxial,Experimental,,,53.4,,,,99000.0,1650.0,5.111987788356544,2.3978952727983707,11.502885230075814,3.1622776601683795,53.4,,,0,0
Internally cooled antenna for microwave ablation: Results in ex vivo and in vivo porcine livers(2008,2008.0,50.0,10.0,,cooled antenna :ex vivo,Cooled Antenna,Experimental,,26.4,,36.4,,,30000.0,500.0,3.9318256327243257,2.3978952727983707,10.308985993422082,3.1622776601683795,26.4,,,0,0
Internally cooled antenna for microwave ablation: Results in ex vivo and in vivo porcine livers(2008,2008.0,60.0,10.0,,cooled antenna :ex vivo,Cooled Antenna,Experimental,,28.9,,41.5,,,36000.0,600.0,4.110873864173311,2.3978952727983707,10.491301994830229,3.1622776601683795,28.9,,,0,0
Internally cooled antenna for microwave ablation: Results in ex vivo and in vivo porcine livers(2008,2008.0,70.0,10.0,,cooled antenna :ex vivo,Cooled Antenna,Experimental,,31.5,,45.9,,,42000.0,700.0,4.2626798770413155,2.3978952727983707,10.645448706505872,3.1622776601683795,31.5,,,0,0
Internally cooled antenna for microwave ablation: Results in ex vivo and in vivo porcine livers(2008,2008.0,80.0,10.0,,cooled antenna :ex vivo,Cooled Antenna,Experimental,,32.6,,50.3,,,48000.0,800.0,4.394449154672439,2.3978952727983707,10.778977123006351,3.1622776601683795,32.6,,,0,0
Internally cooled antenna for microwave ablation: Results in ex vivo and in vivo porcine livers(2008,2008.0,50.0,10.0,,cooled antenna :in vivo,Cooled Antenna,Experimental,,23.2,,32.3,,,30000.0,500.0,3.9318256327243257,2.3978952727983707,10.308985993422082,3.1622776601683795,23.2,,,0,0
Internally cooled antenna for microwave ablation: Results in ex vivo and in vivo porcine livers(2008,2008.0,60.0,10.0,,cooled antenna :in vivo,Cooled Antenna,Experimental,,23.5,,40.2,,,36000.0,600.0,4.110873864173311,2.3978952727983707,10.491301994830229,3.1622776601683795,23.5,,,0,0
Internally cooled antenna for microwave ablation: Results in ex vivo and in vivo porcine livers(2008,2008.0,70.0,10.0,,cooled antenna :in vivo,Cooled Antenna,Experimental,,23.7,,44.2,,,42000.0,700.0,4.2626798770413155,2.3978952727983707,10.645448706505872,3.1622776601683795,23.7,,,0,0
Internally cooled antenna for microwave ablation: Results in ex vivo and in vivo porcine livers(2008,2008.0,80.0,10.0,,cooled antenna :in vivo,Cooled Antenna,Experimental,,23.7,,49.2,,,48000.0,800.0,4.394449154672439,2.3978952727983707,10.778977123006351,3.1622776601683795,23.7,,,0,0
An Optimal Sliding Choke Antenna for Hepatic Microwave Ablation(2009)      Antenna type:Sliding Chok,2009.0,100.0,1.1,,Sliding Choke antenna,Sliding Choke,Experimental,,14.9,,22.5,,,6600.000000000001,110.00000000000001,4.61512051684126,0.7419373447293773,8.79497643168877,1.0488088481701516,14.9,,,0,0
Finite-Element Analysis and In Vitro Experiments of Placement Configurations Using Triple Antennas i,2009.0,50.0,1.0,,Triple antenna : IN VITRO,Multi Slot/Triple,Experimental,,30.1,,39.0,,,3000.0,50.0,3.9318256327243257,0.6931471805599453,8.006700845440367,1.0,30.1,,,0,0
Finite-Element Analysis and In Vitro Experiments of Placement Configurations Using Triple Antennas i,2009.0,50.0,1.0,,Triple antenna : IN VITRO,Multi Slot/Triple,Experimental,,20.1,,18.2,,,3000.0,50.0,3.9318256327243257,0.6931471805599453,8.006700845440367,1.0,20.1,,,0,0
Finite-Element Analysis and In Vitro Experiments of Placement Configurations Using Triple Antennas i,2009.0,50.0,1.0,,Triple antenna : IN VITRO,Multi Slot/Triple,Experimental,,27.4,,29.4,,,3000.0,50.0,3.9318256327243257,0.6931471805599453,8.006700845440367,1.0,27.4,,,0,0
Finite-Element Analysis and In Vitro Experiments of Placement Configurations Using Triple Antennas i,2009.0,50.0,1.0,,Triple antenna : IN VITRO,Multi Slot/Triple,Experimental,,43.7,,79.1,,,3000.0,50.0,3.9318256327243257,0.6931471805599453,8.006700845440367,1.0,43.7,,,0,0
"Microwave Tumor Ablation: Mechanism of Action, Clinical Results and Devices (2010)  Antenna type:Tri",2010.0,68.0,2.0,,Triaxial Antenna :IN VIVO,Triaxial,Experimental,,,23.0,,,,8160.0,136.0,4.23410650459726,1.0986122886681098,9.007121989469242,1.4142135623730951,23.0,,,0,0
"Microwave Tumor Ablation: Mechanism of Action, Clinical Results and Devices (2010)  Antenna type:Tri",2010.0,68.0,6.0,,Triaxial Antenna :IN VIVO,Triaxial,Experimental,,,60.0,,,,24480.0,408.0,4.23410650459726,1.9459101490553132,10.10565258546514,2.449489742783178,60.0,,,0,0
"Microwave Tumor Ablation: Mechanism of Action, Clinical Results and Devices (2010)  Antenna type:Tri",2010.0,68.0,12.0,,Triaxial Antenna :IN VIVO,Triaxial,Experimental,,,80.0,,,,48960.0,816.0,4.23410650459726,2.5649493574615367,10.798779341814225,3.4641016151377544,80.0,,,0,0
"Microwave Tumor Ablation: Mechanism of Action, Clinical Results and Devices (2010)  Antenna type:Mon",2010.0,100.0,2.0,,Monopole antenna :IN VIVO,Monopole,Experimental,,,,,33500.0,,12000.0,200.0,4.61512051684126,1.0986122886681098,9.392745258631441,1.4142135623730951,,33500.0,,0,0
"Microwave Tumor Ablation: Mechanism of Action, Clinical Results and Devices (2010)  Antenna type:Mon",2010.0,100.0,4.0,,Monopole antenna :IN VIVO,Monopole,Experimental,,,,,37500.0,,24000.0,400.0,4.61512051684126,1.6094379124341003,10.085850775128717,2.0,,37500.0,,0,0
"Microwave Tumor Ablation: Mechanism of Action, Clinical Results and Devices (2010)  Antenna type:Mon",2010.0,100.0,8.0,,Monopole antenna :IN VIVO,Monopole,Experimental,,,,,92000.0,,48000.0,800.0,4.61512051684126,2.1972245773362196,10.778977123006351,2.8284271247461903,,92000.0,,0,0
"Microwave Tumor Ablation: Mechanism of Action, Clinical Results and Devices (2010)  Antenna type:Coo",2010.0,80.0,10.0,,Cooled coaxial antenna :EX VIVO,Cooled Antenna,Experimental,,,50.3,,,,48000.0,800.0,4.394449154672439,2.3978952727983707,10.778977123006351,3.1622776601683795,50.3,,,0,0
"Microwave Tumor Ablation: Mechanism of Action, Clinical Results and Devices (2010)  Antenna type:Coo",2010.0,80.0,10.0,,Cooled coaxial antenna :EX VIVO,Cooled Antenna,Experimental,,,49.2,,,,48000.0,800.0,4.394449154672439,2.3978952727983707,10.778977123006351,3.1622776601683795,49.2,,,0,0
"Microwave Tumor Ablation: Mechanism of Action, Clinical Results and Devices (2010) Antenna type :Mul",2010.0,125.0,10.0,,Multiples Antenna : CLINICAL,Other,Experimental,,,30.0,,,,75000.0,1250.0,4.836281906951478,2.3978952727983707,11.225256725762893,3.1622776601683795,30.0,,,0,0
"Microwave Tumor Ablation: Mechanism of Action, Clinical Results and Devices (2010)  Antenna type:Lun",2010.0,55.0,10.0,,Lung Antenna: CLINICAL,Other,Experimental,,,34.0,,,,33000.0,550.0,4.02535169073515,2.3978952727983707,10.404293143019792,3.1622776601683795,34.0,,,0,0
"Microwave Tumor Ablation: Mechanism of Action, Clinical Results and Devices (2010) Antenna type:Mult",2010.0,90.0,5.0,,Multiple triaxial antenna : IN VIVO,Triaxial,Experimental,,,65.0,,,,27000.0,450.0,4.51085950651685,1.791759469228055,10.203629181337648,2.23606797749979,65.0,,,0,0
A Novel Multiphysics Optimization-Driven,2016.0,,4.0,130.0,Interstitial linear array of cylindrical,Other,Simulated,,,20.0,,,,,,,1.6094379124341003,,2.0,20.0,,,1,1
Multi-Objective Optimization Design and,2025.0,50.0,6.0,130.0,Partially Water-Cooled coaxial dipole antennas (single objective optimization used),Dipole,Simulated,,,62.48,,,,18000.0,300.0,3.9318256327243257,1.9459101490553132,9.798182590890704,2.449489742783178,62.48,,,1,1
Multi-Objective Optimization Design and,2025.0,50.0,6.0,130.0,Partially Water-Cooled coaxial dipole antennas (multi objective optimization used),Dipole,Simulated,,,58.68,,,,18000.0,300.0,3.9318256327243257,1.9459101490553132,9.798182590890704,2.449489742783178,58.68,,,1,1
Multi-Objective Optimization Design and,2025.0,50.0,6.0,130.0,Fully Water-Cooled coaxial dipole antennas (single objective optimization used),Dipole,Simulated,,,60.58,,,,18000.0,300.0,3.9318256327243257,1.9459101490553132,9.798182590890704,2.449489742783178,60.58,,,1,1
Multi-Objective Optimization Design and,2025.0,50.0,6.0,130.0,Fully Water-Cooled coaxial dipole antennas (multi objective optimization used),Dipole,Simulated,,,59.49,,,,18000.0,300.0,3.9318256327243257,1.9459101490553132,9.798182590890704,2.449489742783178,59.49,,,1,1
Multi-Objective Optimization Design and,2025.0,70.0,6.0,130.0,Partially Water-Cooled coaxial dipole antennas,Dipole,Simulated,,,61.05,,,,25200.0,420.0,4.2626798770413155,1.9459101490553132,10.134638955251866,2.449489742783178,61.05,,,1,1
Multi-Objective Optimization Design and,2025.0,90.0,6.0,130.0,Partially Water-Cooled coaxial dipole antennas,Dipole,Simulated,,,62.64,,,,32400.0,540.0,4.51085950651685,1.9459101490553132,10.385944565501662,2.449489742783178,62.64,,,1,1
Multi-Objective Optimization Design and,2025.0,70.0,6.0,130.0,Fully Water-Cooled coaxial dipole antennas,Dipole,Simulated,,,62.8,,,,25200.0,420.0,4.2626798770413155,1.9459101490553132,10.134638955251866,2.449489742783178,62.8,,,1,1
Multi-Objective Optimization Design and,2025.0,90.0,6.0,130.0,Fully Water-Cooled coaxial dipole antennas,Dipole,Simulated,,,64.81,,,,32400.0,540.0,4.51085950651685,1.9459101490553132,10.385944565501662,2.449489742783178,64.81,,,1,1
Microwave Antenna Design for Cardiovascular,2023.0,40.0,2.0,72.37,MRSA,MRSA,Simulated,9.41,13.38,,,,,4800.0,80.0,3.713572066704308,1.0986122886681098,8.476579508530941,1.4142135623730951,13.38,882.0647620032911,1.0,1,1
Microwave Antenna Design for Cardiovascular,2023.0,40.0,2.0,84.92,Monopole,Monopole,Simulated,11.87,18.28,,,,,4800.0,80.0,3.713572066704308,1.0986122886681098,8.476579508530941,1.4142135623730951,18.28,2076.8337083681736,1.0,1,1
A Flexible Microwave Ablation Antenna for Lung Cancer Treatment -2023,2023.0,10.0,3.5,60.0,Flexible meandered monopole MWA antenna,Monopole,Simulated,20.0,16.0,,,,,2100.0,35.0,2.3978952727983707,1.5040773967762742,7.650168700845001,1.8708286933869707,16.0,2680.82573106329,0.8,1,1
Effect of the antenna slot numbers and position on the performance of microwave ablation -2023,2023.0,10.0,10.0,93.0,Monopole,Monopole,Simulated,51.0,20.0,,,,,6000.0,100.0,2.3978952727983707,2.3978952727983707,8.699681400989514,3.1622776601683795,20.0,10681.415022205296,0.39215686274509803,1,1
Effect of the antenna slot numbers and position on the performance of microwave ablation -2023,2023.0,10.0,10.0,95.0,Single Slot,Single Slot,Simulated,65.0,24.0,,,,,6000.0,100.0,2.3978952727983707,2.3978952727983707,8.699681400989514,3.1622776601683795,24.0,19603.538158400308,0.36923076923076925,1,1
Effect of the antenna slot numbers and position on the performance of microwave ablation -2023,2023.0,10.0,10.0,107.0,Double Slot,Dual Slot,Simulated,67.0,35.0,,,,,6000.0,100.0,2.3978952727983707,2.3978952727983707,8.699681400989514,3.1622776601683795,35.0,42974.369507230374,0.5223880597014925,1,1
Microwave ablation modeling with AMICA antenna: Validation by means a numerical analysis -2023,2023.0,100.0,5.5,95.0,Single-slot coaxial antenna,Single Slot,Simulated,30.0,28.0,,,,,33000.0,550.0,4.61512051684126,1.8718021769015913,10.404293143019792,2.345207879911715,28.0,12315.043202071987,0.9333333333333333,1,1
A Minimally Invasive Microwave Ablation Antenna With Highly Localized Ablation Zone -2022,2022.0,20.0,5.0,60.0,Monopole SICL Antenna,Monopole,Simulated,29.8,24.8,,,,,6000.0,100.0,3.044522437723423,1.791759469228055,8.699681400989514,2.23606797749979,24.8,9596.618890130538,0.8322147651006712,1,1
A Minimally Invasive Microwave Ablation Antenna With Highly Localized Ablation Zone -2022,2022.0,20.0,10.0,60.0,Monopole SICL Antenna,Monopole,Simulated,34.1,31.2,,,,,12000.0,200.0,3.044522437723423,2.3978952727983707,9.392745258631441,3.1622776601683795,31.2,17380.49693123771,0.9149560117302052,1,1
Triple Coaxial-Half-Slot Antenna Scheme With,2021.0,50.0,1.0,60.0,Coaxial Half-Slot antenna (10 mm spacing),Coaxial Half-Slot,Simulated,,,,,18428.0,,3000.0,50.0,3.9318256327243257,0.6931471805599453,8.006700845440367,1.0,,18428.0,,1,1
Triple Coaxial-Half-Slot Antenna Scheme With,2021.0,50.0,10.0,60.0,Coaxial Half-Slot antenna (20 mm spacing),Coaxial Half-Slot,Simulated,,,,,29312.0,,30000.0,500.0,3.9318256327243257,2.3978952727983707,10.308985993422082,3.1622776601683795,,29312.0,,1,1
Triple Coaxial-Half-Slot Antenna Scheme With,2021.0,50.0,21.0,60.0,Coaxial Half-Slot antenna (30 mm spacing),Coaxial Half-Slot,Simulated,,,,,63507.0,,63000.0,1050.0,3.9318256327243257,3.091042453358316,11.050905878263567,4.58257569495584,,63507.0,,1,1
Use of microwave ablation for thermal,2020.0,25.0,10.0,100.0,Co-axial slot antenna,Slot Antenna,Simulated,,,,,,,15000.0,250.0,3.258096538021482,2.3978952727983707,9.61587214452889,3.1622776601683795,,,,1,1
Use of microwave ablation for thermal,2020.0,50.0,8.0,110.0,Co-axial slot antenna,Slot Antenna,Simulated,,,,,,,24000.0,400.0,3.9318256327243257,2.1972245773362196,10.085850775128717,2.8284271247461903,,,,1,1
Use of microwave ablation for thermal,2020.0,25.0,12.0,95.0,Co-axial slot antenna,Slot Antenna,Simulated,,,,,,,18000.0,300.0,3.258096538021482,2.5649493574615367,9.798182590890704,3.4641016151377544,,,,1,1
Use of microwave ablation for thermal,2020.0,50.0,10.0,105.0,Co-axial slot antenna,Slot Antenna,Simulated,,,,,,,30000.0,500.0,3.9318256327243257,2.3978952727983707,10.308985993422082,3.1622776601683795,,,,1,1
Use of microwave ablation for thermal,2020.0,25.0,15.0,90.0,Co-axial slot antenna,Slot Antenna,Simulated,,,,,,,22500.0,375.0,3.258096538021482,2.772588722239781,10.021315031649332,3.872983346207417,,,,1,1
Use of microwave ablation for thermal,2020.0,50.0,12.0,100.0,Co-axial slot antenna,Slot Antenna,Simulated,,,,,,,36000.0,600.0,3.9318256327243257,2.5649493574615367,10.491301994830229,3.4641016151377544,,,,1,1
Toward Flexible Microwave Ablation Antennas,2020.0,40.0,5.0,60.0,Balun-free helical dipole antenna,Helical Dipole,Simulated,38.0,33.0,,,,,12000.0,200.0,3.713572066704308,1.791759469228055,9.392745258631441,2.23606797749979,33.0,21667.564531808803,0.868421052631579,1,1
Optimal Antenna Slot Design for Hepatocellular Carcinoma Microwave Ablation -2020,2020.0,50.0,5.0,50.0,Asymmetrical Co-axial slot antenna,Slot Antenna,Simulated,,,,,1166.0,,15000.0,250.0,3.9318256327243257,1.791759469228055,9.61587214452889,2.23606797749979,,1166.0,,1,1
Dual-slot antennas for microwave tissue heating: Parametric design analysis and experimental validat,2011.0,50.0,10.0,,Dual slot antenna,Dual Slot,Simulated,,,20.1,,,,30000.0,500.0,3.9318256327243257,2.3978952727983707,10.308985993422082,3.1622776601683795,20.1,,,0,1
Dual-slot antennas for microwave tissue heating: Parametric design analysis and experimental validat,2011.0,50.0,10.0,,Dual slot antenna,Dual Slot,Simulated,,,18.9,,,,30000.0,500.0,3.9318256327243257,2.3978952727983707,10.308985993422082,3.1622776601683795,18.9,,,0,1
Dual-slot antennas for microwave tissue heating: Parametric design analysis and experimental validat,2011.0,50.0,10.0,,Dual slot antenna,Dual Slot,Simulated,,,20.4,,,,30000.0,500.0,3.9318256327243257,2.3978952727983707,10.308985993422082,3.1622776601683795,20.4,,,0,1
Dual-slot antennas for microwave tissue heating: Parametric design analysis and experimental validat,2011.0,50.0,10.0,,Dual slot antenna,Dual Slot,Simulated,,,20.8,,,,30000.0,500.0,3.9318256327243257,2.3978952727983707,10.308985993422082,3.1622776601683795,20.8,,,0,1
Dual-slot antennas for microwave tissue heating: Parametric design analysis and experimental validat,2011.0,50.0,10.0,,Dual slot antenna,Dual Slot,Simulated,,,18.9,,,,30000.0,500.0,3.9318256327243257,2.3978952727983707,10.308985993422082,3.1622776601683795,18.9,,,0,1
"A Minimally Invasive Antenna for Microwave Ablation Therapies: Design, Performances, and Experimenta",2011.0,40.0,3.33,,Other,Other,Simulated,32.307,,27.69,,,,7991.999999999999,133.2,3.713572066704308,1.4655675420143985,8.98632143762602,1.8248287590894658,27.69,12970.03552087675,0.8570897947813167,0,1
"A Minimally Invasive Antenna for Microwave Ablation Therapies: Design, Performances, and Experimenta",2011.0,40.0,6.67,,Other,Other,Simulated,41.53,,35.38,,,,16008.0,266.8,3.713572066704308,2.0373166153791646,9.680906343078094,2.582634314028992,35.38,27219.253515940196,0.8519142788345775,0,1
"A Minimally Invasive Antenna for Microwave Ablation Therapies: Design, Performances, and Experimenta",2011.0,40.0,10.0,,Other,Other,Simulated,46.15,,41.53,,,,24000.0,400.0,3.713572066704308,2.3978952727983707,10.085850775128717,3.1622776601683795,41.53,41676.78311287781,0.8998916576381366,0,1
"A Minimally Invasive Antenna for Microwave Ablation Therapies: Design, Performances, and Experimenta",2011.0,40.0,13.33,,Other,Other,Simulated,51.53,,46.15,,,,31992.000000000004,533.2,3.713572066704308,2.6623552418400807,10.373272407852593,3.651027252705737,46.15,57464.83651554519,0.8955947991461284,0,1
Heating characteristics of antenna arrays used in microwave ablation: A theoretical parametric study,2013.0,100.0,10.0,,Other,Other,Simulated,18.0,24.0,,,,,60000.0,1000.0,4.61512051684126,2.3978952727983707,11.002116507732017,3.1622776601683795,24.0,5428.672105403162,1.0,0,1
Heating characteristics of antenna arrays used in microwave ablation: A theoretical parametric study,2013.0,100.0,11.0,,Other,Other,Simulated,43.0,54.0,,,,,66000.0,1100.0,4.61512051684126,2.4849066497880004,11.097425172408931,3.3166247903554,54.0,65653.0032747195,1.0,0,1
Antenna design and tissue parameters considerations for an improved modelling of microwave ablation ,2013.0,50.0,0.33,76.0,Other,Other,Simulated,14.5,5.0,,,,,990.0,16.5,3.9318256327243257,0.2851789422336624,6.898714534329988,0.5744562646538028,5.0,189.8045561543833,0.3448275862068966,1,1
Antenna design and tissue parameters considerations for an improved modelling of microwave ablation ,2013.0,50.0,0.67,90.0,Other,Other,Simulated,19.0,8.0,,,,,2010.0,33.5,3.9318256327243257,0.5128236264286637,7.606387389772652,0.8185352771872451,8.0,636.6961111275314,0.42105263157894735,1,1
Antenna design and tissue parameters considerations for an improved modelling of microwave ablation ,2013.0,50.0,1.0,98.0,Other,Other,Simulated,20.0,10.0,,,,,3000.0,50.0,3.9318256327243257,0.6931471805599453,8.006700845440367,1.0,10.0,1047.1975511965975,0.5,1,1
Antenna design and tissue parameters considerations for an improved modelling of microwave ablation ,2013.0,50.0,1.33,,Other,Other,Simulated,20.0,11.0,,,,,3990.0,66.5,3.9318256327243257,0.8458682675776092,8.291797105048733,1.1532562594670797,11.0,1267.1090369478832,0.55,0,1
Antenna design and tissue parameters considerations for an improved modelling of microwave ablation ,2013.0,50.0,1.67,,Other,Other,Simulated,20.5,12.0,,,,,5010.0,83.5,3.9318256327243257,0.9820784724121582,8.519390774959724,1.2922847983320085,12.0,1545.663585566178,0.5853658536585366,0,1
Antenna design and tissue parameters considerations for an improved modelling of microwave ablation ,2013.0,50.0,2.0,106.0,Other,Other,Simulated,21.0,13.0,,,,,6000.0,100.0,3.9318256327243257,1.0986122886681098,8.699681400989514,1.4142135623730951,13.0,1858.2520545983625,0.6190476190476191,1,1
Antenna design and tissue parameters considerations for an improved modelling of microwave ablation ,2013.0,50.0,3.0,,Other,Other,Simulated,21.0,13.0,,,,,9000.0,150.0,3.9318256327243257,1.3862943611198906,9.105090961257085,1.7320508075688772,13.0,1858.2520545983625,0.6190476190476191,0,1
Antenna design and tissue parameters considerations for an improved modelling of microwave ablation ,2013.0,50.0,4.0,,Other,Other,Simulated,21.0,13.0,,,,,12000.0,200.0,3.9318256327243257,1.6094379124341003,9.392745258631441,2.0,13.0,1858.2520545983625,0.6190476190476191,0,1
Antenna design and tissue parameters considerations for an improved modelling of microwave ablation ,2013.0,50.0,6.0,,Other,Other,Simulated,21.0,13.0,,,,,18000.0,300.0,3.9318256327243257,1.9459101490553132,9.798182590890704,2.449489742783178,13.0,1858.2520545983625,0.6190476190476191,0,1
Antenna design and tissue parameters considerations for an improved modelling of microwave ablation ,2013.0,50.0,8.0,,Other,Other,Simulated,21.0,13.0,,,,,24000.0,400.0,3.9318256327243257,2.1972245773362196,10.085850775128717,2.8284271247461903,13.0,1858.2520545983625,0.6190476190476191,0,1
Antenna design and tissue parameters considerations for an improved modelling of microwave ablation ,2013.0,50.0,10.0,,Other,Other,Simulated,21.0,13.0,,,,,30000.0,500.0,3.9318256327243257,2.3978952727983707,10.308985993422082,3.1622776601683795,13.0,1858.2520545983625,0.6190476190476191,0,1
Antenna design and tissue parameters considerations for an improved modelling of microwave ablation ,2013.0,75.0,0.33,,Other,Other,Simulated,20.0,7.0,,,,,1485.0,24.75,4.330733340286331,0.2851789422336624,7.303843225277705,0.5744562646538028,7.0,513.1268000863328,0.35,0,1
Antenna design and tissue parameters considerations for an improved modelling of microwave ablation ,2013.0,75.0,0.67,,Other,Other,Simulated,21.0,11.0,,,,,3015.0,50.25,4.330733340286331,0.5128236264286637,8.011686729127847,0.8185352771872451,11.0,1330.4644887952775,0.5238095238095238,0,1
Antenna design and tissue parameters considerations for an improved modelling of microwave ablation ,2013.0,75.0,1.0,,Other,Other,Simulated,22.0,13.0,,,,,4500.0,75.0,4.330733340286331,0.6931471805599453,8.412054873292933,1.0,13.0,1946.740247674475,0.5909090909090909,0,1
Antenna design and tissue parameters considerations for an improved modelling of microwave ablation ,2013.0,75.0,1.33,,Other,Other,Simulated,22.5,15.0,,,,,5985.0,99.75,4.330733340286331,0.8458682675776092,8.697178688412643,1.1532562594670797,15.0,2650.718801466388,0.6666666666666666,0,1
Antenna design and tissue parameters considerations for an improved modelling of microwave ablation ,2013.0,75.0,1.67,,Other,Other,Simulated,22.5,15.0,,,,,7515.0,125.25,4.330733340286331,0.9820784724121582,8.924789360533357,1.2922847983320085,15.0,2650.718801466388,0.6666666666666666,0,1
Antenna design and tissue parameters considerations for an improved modelling of microwave ablation ,2013.0,75.0,2.0,,Other,Other,Simulated,23.0,16.0,,,,,9000.0,150.0,4.330733340286331,1.0986122886681098,9.105090961257085,1.4142135623730951,16.0,3082.9495907227833,0.6956521739130435,0,1
Antenna design and tissue parameters considerations for an improved modelling of microwave ablation ,2013.0,75.0,3.0,,Other,Other,Simulated,23.0,17.0,,,,,13500.0,225.0,4.330733340286331,1.3862943611198906,9.510519035757246,1.7320508075688772,17.0,3480.361061401892,0.7391304347826086,0,1
Antenna design and tissue parameters considerations for an improved modelling of microwave ablation ,2013.0,75.0,4.0,,Other,Other,Simulated,23.0,17.0,,,,,18000.0,300.0,4.330733340286331,1.6094379124341003,9.798182590890704,2.0,17.0,3480.361061401892,0.7391304347826086,0,1
Antenna design and tissue parameters considerations for an improved modelling of microwave ablation ,2013.0,75.0,6.0,,Other,Other,Simulated,23.5,17.0,,,,,27000.0,450.0,4.330733340286331,1.9459101490553132,10.203629181337648,2.449489742783178,17.0,3556.0210844758462,0.723404255319149,0,1
Antenna design and tissue parameters considerations for an improved modelling of microwave ablation ,2013.0,75.0,8.0,,Other,Other,Simulated,23.5,17.0,,,,,36000.0,600.0,4.330733340286331,2.1972245773362196,10.491301994830229,2.8284271247461903,17.0,3556.0210844758462,0.723404255319149,0,1
Antenna design and tissue parameters considerations for an improved modelling of microwave ablation ,2013.0,75.0,10.0,,Other,Other,Simulated,23.5,17.0,,,,,45000.0,750.0,4.330733340286331,2.3978952727983707,10.714439990727769,3.1622776601683795,17.0,3556.0210844758462,0.723404255319149,0,1
Antenna design and tissue parameters considerations for an improved modelling of microwave ablation ,2013.0,100.0,0.33,,Other,Other,Simulated,21.0,9.0,,,,,1980.0,33.0,4.61512051684126,0.2851789422336624,7.591357046698551,0.5744562646538028,9.0,890.6415172927063,0.42857142857142855,0,1
Antenna design and tissue parameters considerations for an improved modelling of microwave ablation ,2013.0,100.0,0.67,,Other,Other,Simulated,22.5,14.0,,,,,4020.0,67.0,4.61512051684126,0.5128236264286637,8.299285906897275,0.8185352771872451,14.0,2309.070600388498,0.6222222222222222,0,1
Antenna design and tissue parameters considerations for an improved modelling of microwave ablation ,2013.0,100.0,1.0,,Other,Other,Simulated,23.0,16.0,,,,,6000.0,100.0,4.61512051684126,0.6931471805599453,8.699681400989514,1.0,16.0,3082.9495907227833,0.6956521739130435,0,1
Antenna design and tissue parameters considerations for an improved modelling of microwave ablation ,2013.0,100.0,1.33,,Other,Other,Simulated,23.5,17.0,,,,,7980.0,133.0,4.61512051684126,0.8458682675776092,8.984818995876008,1.1532562594670797,17.0,3556.0210844758462,0.723404255319149,0,1
Antenna design and tissue parameters considerations for an improved modelling of microwave ablation ,2013.0,100.0,1.67,,Other,Other,Simulated,24.0,18.0,,,,,10020.0,167.0,4.61512051684126,0.9820784724121582,9.212438170058329,1.2922847983320085,18.0,4071.5040790523717,0.75,0,1
Antenna design and tissue parameters considerations for an improved modelling of microwave ablation ,2013.0,100.0,2.0,,Other,Other,Simulated,24.5,19.0,,,,,12000.0,200.0,4.61512051684126,1.0986122886681098,9.392745258631441,1.4142135623730951,19.0,4630.969370779154,0.7755102040816326,0,1
Antenna design and tissue parameters considerations for an improved modelling of microwave ablation ,2013.0,100.0,3.0,,Other,Other,Simulated,24.5,20.0,,,,,18000.0,300.0,4.61512051684126,1.3862943611198906,9.798182590890704,1.7320508075688772,20.0,5131.268000863329,0.8163265306122449,0,1
Antenna design and tissue parameters considerations for an improved modelling of microwave ablation ,2013.0,100.0,4.0,,Other,Other,Simulated,24.5,20.0,,,,,24000.0,400.0,4.61512051684126,1.6094379124341003,10.085850775128717,2.0,20.0,5131.268000863329,0.8163265306122449,0,1
Antenna design and tissue parameters considerations for an improved modelling of microwave ablation ,2013.0,100.0,6.0,,Other,Other,Simulated,24.5,20.0,,,,,36000.0,600.0,4.61512051684126,1.9459101490553132,10.491301994830229,2.449489742783178,20.0,5131.268000863329,0.8163265306122449,0,1
Antenna design and tissue parameters considerations for an improved modelling of microwave ablation ,2013.0,100.0,8.0,,Other,Other,Simulated,24.5,20.0,,,,,48000.0,800.0,4.61512051684126,2.1972245773362196,10.778977123006351,2.8284271247461903,20.0,5131.268000863329,0.8163265306122449,0,1
Antenna design and tissue parameters considerations for an improved modelling of microwave ablation ,2013.0,100.0,10.0,,Other,Other,Simulated,24.5,20.0,,,,,60000.0,1000.0,4.61512051684126,2.3978952727983707,11.002116507732017,3.1622776601683795,20.0,5131.268000863329,0.8163265306122449,0,1
Optimization of dual slot antenna using floating metallic sleeve,2014.0,120.0,3.0,,Dual Slot,Dual Slot,Simulated,42.26,16.98,,,,,21600.0,360.0,4.795790545596741,1.3862943611198906,9.980494888896912,1.7320508075688772,16.98,6379.747447829697,0.4017983909133933,0,1
A Directional Interstitial Antenna for Microwave Tissue Ablation: Theoretical and Experimental Inves,2015.0,50.0,10.0,,Other,Other,Simulated,,30.5,26.0,,,,30000.0,500.0,3.9318256327243257,2.3978952727983707,10.308985993422082,3.1622776601683795,26.0,,,0,1
A Directional Interstitial Antenna for Microwave Tissue Ablation: Theoretical and Experimental Inves,2015.0,80.0,10.0,,Other,Other,Simulated,,46.5,34.5,,,,48000.0,800.0,4.394449154672439,2.3978952727983707,10.778977123006351,3.1622776601683795,34.5,,,0,1
Microwave ablation at 915 MHz vs 2.45 GHz: A theoretical,2015.0,30.0,5.0,,Other,Other,Simulated,58.8,,28.1,,,,9000.0,150.0,3.4339872044851463,1.791759469228055,9.105090961257085,2.23606797749979,28.1,24310.203156970158,0.47789115646258506,0,1
Microwave ablation at 915 MHz vs 2.45 GHz: A theoretical,2015.0,30.0,10.0,,Other,Other,Simulated,75.1,,36.0,,,,18000.0,300.0,3.4339872044851463,2.3978952727983707,9.798182590890704,3.1622776601683795,36.0,50961.65938947218,0.4793608521970706,0,1
Analysis of minimally invasive directional antennas for microwave tissue ablation- 2016,2016.0,77.0,10.0,92.5,Other,Other,Simulated,44.3,45.0,,,,,46200.0,770.0,4.356708826689592,2.3978952727983707,10.740756721857226,3.1622776601683795,45.0,46970.73716198438,1.0,1,1
Experimental measurement of microwave ablation heating pattern and comparison to computer simulation,2016.0,15.0,6.0,100.0,Other,Other,Simulated,21.0,12.8,,,,,5400.0,90.0,2.772588722239781,1.9459101490553132,8.594339400592892,2.449489742783178,12.8,1801.5148912745312,0.6095238095238096,1,1
The impact of frequency on the performance of,2016.0,25.0,5.0,100.0,Other,Other,Simulated,,,37.0,,,,7500.0,125.0,3.258096538021482,1.791759469228055,8.922791623969637,2.23606797749979,37.0,,,1,1
A Hybrid Slot/Monopole Antenna With Directional Heating Patterns for Microwave Ablation- 2017,2017.0,20.0,5.0,,Monopole,Monopole,Simulated,16.0,16.0,,,,,6000.0,100.0,3.044522437723423,1.791759469228055,8.699681400989514,2.23606797749979,16.0,2144.660584850632,1.0,0,1
A Minimally Invasive Coax-Fed Microwave Ablation Antenna With a Tapered Balun- 2017,2017.0,20.0,5.0,,Other,Other,Simulated,,,24.0,,,,6000.0,100.0,3.044522437723423,1.791759469228055,8.699681400989514,2.23606797749979,24.0,,,0,1
Analysis of microwave ablation antenna optimization techniques- 2017,2017.0,50.0,5.0,,Monopole,Monopole,Simulated,72.0,,25.6,,,,15000.0,250.0,3.9318256327243257,1.791759469228055,9.61587214452889,2.23606797749979,25.6,24706.489937479288,0.35555555555555557,0,1
Analysis of microwave ablation antenna optimization techniques- 2017,2017.0,50.0,5.0,,Monopole,Monopole,Simulated,74.2,,25.2,,,,15000.0,250.0,3.9318256327243257,1.791759469228055,9.61587214452889,2.23606797749979,25.2,24671.95755103102,0.33962264150943394,0,1
Analysis of microwave ablation antenna optimisation techniques- 2017,2017.0,50.0,5.0,,Monopole,Monopole,Simulated,55.0,,25.6,,,,15000.0,250.0,3.9318256327243257,1.791759469228055,9.61587214452889,2.23606797749979,25.6,18873.013146685567,0.46545454545454545,0,1
Analysis of microwave ablation antenna optimization techniques- 2017,2017.0,50.0,5.0,,Dual slot,Dual Slot,Simulated,50.4,,26.0,,,,15000.0,250.0,3.9318256327243257,1.791759469228055,9.61587214452889,2.23606797749979,26.0,17839.219724144277,0.5158730158730159,0,1
Analysis of microwave ablation antenna optimization techniques- 2017,2017.0,50.0,5.0,,Dual slot,Dual Slot,Simulated,73.0,,25.4,,,,15000.0,250.0,3.9318256327243257,1.791759469228055,9.61587214452889,2.23606797749979,25.4,24659.763982744887,0.347945205479452,0,1
Analysis of microwave ablation antenna optimisation techniques- 2017,2017.0,50.0,5.0,,Dual slot,Dual Slot,Simulated,51.0,,25.2,,,,15000.0,250.0,3.9318256327243257,1.791759469228055,9.61587214452889,2.23606797749979,25.2,16957.814489253127,0.4941176470588235,0,1
Analysis of efficiency of different antennas for microwave ablation using simulation and experimenta,2018.0,50.0,10.0,195.0,Monopole,Monopole,Simulated,55.1,,37.7,,,,30000.0,500.0,3.9318256327243257,2.3978952727983707,10.308985993422082,3.1622776601683795,37.7,41004.63227773285,0.6842105263157895,1,1
Analysis of efficiency of different antennas for microwave ablation using,2018.0,50.0,10.0,205.0,Single slot,Single Slot,Simulated,58.6,,41.4,,,,30000.0,500.0,3.9318256327243257,2.3978952727983707,10.308985993422082,3.1622776601683795,41.4,52589.243145073364,0.7064846416382252,1,1
Analysis of efficiency of different antennas for microwave ablation using,2018.0,50.0,10.0,247.0,Dual slot,Dual Slot,Simulated,57.1,,40.1,,,,30000.0,500.0,3.9318256327243257,2.3978952727983707,10.308985993422082,3.1622776601683795,40.1,48075.46303425475,0.702276707530648,1,1
Analysis of efficiency of different antennas for microwave ablation using,2018.0,50.0,10.0,307.0,Dual slot with sleeve,Dual Slot,Simulated,49.3,,44.4,,,,30000.0,500.0,3.9318256327243257,2.3978952727983707,10.308985993422082,3.1622776601683795,44.4,50887.54293558869,0.9006085192697769,1,1
Large and round ablation zones with microwave ablation: A preliminary study of an optimal aperiodic ,2019.0,45.0,10.0,136.0,Tri-Slot,Multi Slot/Triple,Simulated,52.7,,51.5,,,,27000.0,450.0,3.828641396489095,2.3978952727983707,10.203629181337648,3.1622776601683795,51.5,73185.27273099699,0.9772296015180265,1,1
Microwave antennas for thermal ablation of benign,2019.0,30.0,0.5,,Other,Other,Simulated,4.01,7.0,,,,,900.0,15.0,3.4339872044851463,0.4054651081081644,6.803505257608338,0.7071067811865476,7.0,102.88192341730972,1.0,0,1
Microwave antennas for thermal ablation of benign,2019.0,30.0,1.0,,Other,Other,Simulated,12.6,11.81,,,,,1800.0,30.0,3.4339872044851463,0.6931471805599453,7.496097345175956,1.0,11.81,920.1718913338461,0.9373015873015874,0,1
Microwave antennas for thermal ablation of benign,2019.0,30.0,1.5,,Other,Other,Simulated,15.92,14.78,,,,,2700.0,45.0,3.4339872044851463,0.9162907318741551,7.901377353792616,1.224744871391589,14.78,1820.9186911608062,0.9283919597989949,0,1
Microwave antennas for thermal ablation of benign,2019.0,40.0,0.5,85.0,Other,Other,Simulated,10.99,9.52,,,,,1200.0,20.0,3.713572066704308,0.4054651081081644,7.0909098220799835,0.7071067811865476,9.52,521.5190915271048,0.8662420382165604,1,1
Microwave antennas for thermal ablation of benign,2019.0,40.0,1.0,94.0,Other,Other,Simulated,16.72,14.33,,,,,2400.0,40.0,3.713572066704308,0.6931471805599453,7.783640596221253,1.0,14.33,1797.7416332468495,0.8570574162679426,1,1
Microwave antennas for thermal ablation of benign,2019.0,40.0,1.5,100.0,Other,Other,Simulated,20.04,17.3,,,,,3600.0,60.0,3.713572066704308,0.9162907318741551,8.188966863648876,1.224744871391589,17.3,3140.42586607825,0.8632734530938124,1,1
An Optimal Sliding Choke Antenna for Hepatic Microwave Ablation(2009)    Antenna type:Sliding Choke ,2009.0,100.0,2.0,,Sliding Choke antenna,Sliding Choke,Simulated,,,40.0,,,,12000.0,200.0,4.61512051684126,1.0986122886681098,9.392745258631441,1.4142135623730951,40.0,,,0,1
Finite-Element Analysis and In Vitro Experiments of Placement Configurations Using Triple Antennas i,2009.0,50.0,1.0,,Triple antenna : FEM MODEL,Multi Slot/Triple,Simulated,,35.0,,41.0,,,3000.0,50.0,3.9318256327243257,0.6931471805599453,8.006700845440367,1.0,35.0,,,0,1
Finite-Element Analysis and In Vitro Experiments of Placement Configurations Using Triple Antennas i,2009.0,50.0,1.0,,Triple antenna : FEM MODEL MODEL,Multi Slot/Triple,Simulated,,29.0,,31.0,,,3000.0,50.0,3.9318256327243257,0.6931471805599453,8.006700845440367,1.0,29.0,,,0,1
Finite-Element Analysis and In Vitro Experiments of Placement Configurations Using Triple Antennas i,2009.0,50.0,1.0,,Triple antenna : FEM MODEL,Multi Slot/Triple,Simulated,,46.0,,81.0,,,3000.0,50.0,3.9318256327243257,0.6931471805599453,8.006700845440367,1.0,46.0,,,0,1
